id,leaning,headline,additional_text
S1-L-1,Left,Trump Administration Escalates Legal Fight Against California’s Climate Protections,"The Justice Department has sued California in a bid to strip the state of its ability to set strict vehicle emission standards. Environmental advocates see the move as a direct attack on public health designed to benefit the fossil fuel and traditional auto industries. By attempting to invalidate California's zero-emission mandates, the administration threatens to derail nationwide progress on climate change, prioritizing corporate polluters over the urgent need to transition to cleaner air and sustainable transportation."
S1-L-2,Left,White House Sues to Dismantle California's Lifesaving Emission Rules,"In an aggressive move against environmental regulations, the Trump administration has filed a lawsuit targeting California's authority to phase out gas-powered cars. Critics argue this federal intervention is a politically motivated effort to keep heavily polluting vehicles on the road, endangering vulnerable communities already disproportionately affected by poor air quality. California officials are fighting the suit, defending the state's fundamental right to protect its residents from the accelerating climate crisis."
S1-L-3,Left,DOJ Lawsuit Targets California’s Bedrock Clean Car Regulations,"The Trump administration has weaponized the Justice Department against California’s stringent auto emission targets, arguing that the state's transition to electric vehicles violates federal law. Environmental groups warn that this legal maneuver actively undermines the global fight against global warming. Stripping California of its ability to enforce clean air standards would have devastating ripple effects, as over a dozen other states rely on California’s guidelines to reduce greenhouse gas emissions and protect their own citizens."
S1-L-4,Left,Feds Sue to Invalidate California's Critical Electric Vehicle Mandates,"Attempting to stall the clean energy transition, the Trump administration filed a lawsuit to revoke California's legal authority to mandate electric vehicle sales. The administration claims federal statutes preempt the state's environmental regulations. Climate advocates condemn the move as a deliberate effort to dismantle vital climate protections and force continued reliance on fossil fuels, a step backward that could severely damage national momentum toward sustainable transportation."
S1-LL-1,Lean Left,Trump Administration Sues California Over Ambitious Car Emission Rules,"The Justice Department has initiated a legal battle against California, seeking to block the state’s zero-emission vehicle mandate. The administration argues that state-level emission regulations conflict with federal fuel economy laws. However, California maintains that its unique air quality challenges require stricter environmental standards. Environmental policy experts warn that this federal intervention could significantly delay the automotive industry's transition to electric vehicles, stalling progress on critical national and international climate targets."
S1-LL-2,Lean Left,US Government Challenges California's Push to Mandate Electric Vehicles,"Escalating the conflict over climate policy, the Trump administration has sued California to invalidate regulations designed to phase out gas-powered cars. The federal lawsuit contends that California’s clean car rules amount to an illegal state-imposed fuel economy standard. State leaders have criticized the suit as an unnecessary roadblock in the fight against climate change. Because multiple states have adopted California's emission targets, this legal dispute threatens to disrupt widespread environmental policies and slow green technology deployment."
S1-LL-3,Lean Left,White House Takes Legal Action Against California's Clean Air Initiatives,"The Trump administration is attempting to roll back California's tailpipe emission rules through a newly filed federal lawsuit. The Departments of Transportation and Justice claim that federal law preempts California's transition toward electric vehicles. While the administration cites the need for a single national standard, environmental advocates argue this effort will ultimately weaken climate action. The lawsuit sets up a high-stakes legal showdown over a state's right to protect its environment and regulate greenhouse gas emissions."
S1-LL-4,Lean Left,Trump Administration Sues to Stop California's Electric Vehicle Transition,"In a move that could reshape U.S. environmental policy, the Trump administration sued California over its strict vehicle emissions standards. The federal government alleges that the state’s mandates for zero-emission vehicles overstep its legal authority. California officials argue the rules are essential for meeting public health guidelines and reducing smog. Environmental groups point out that this lawsuit could stifle innovation in the electric vehicle market, leaving the courts to weigh federal uniformity against state-led climate initiatives."
S1-C-1,Center,Trump Administration Sues California Over State Vehicle Emission Rules,"The Trump administration filed a lawsuit against California on Thursday, challenging the state’s ability to set its own strict vehicle emission standards. The U.S. Departments of Justice and Transportation argue that California’s zero-emission vehicle mandates are preempted by federal law, which grants the federal government the right to regulate fuel economy. California officials defend their policies, stating they are legally sound and necessary to meet the state's climate goals. The legal outcome could impact several other states that follow California's emissions guidelines."
S1-C-2,Center,DOJ and DOT Challenge California's Electric Vehicle Mandate in Court,"A new legal battle has emerged as the Trump administration formally sued California to block its advanced clean car regulations. Federal officials claim that California is effectively imposing its own fuel economy standards, which they argue violates federal preemption under the Energy Policy and Conservation Act. California maintains it has the legal authority to enforce its environmental protections under the Clean Air Act. The lawsuit highlights the tension between state and federal governments over environmental and manufacturing regulation."
S1-C-3,Center,US Sues California Over Zero-Emission Vehicle and Greenhouse Gas Rules,"The United States government has launched a lawsuit against California, seeking to invalidate the state's electric vehicle mandates. The lawsuit, filed in federal court, argues that national law prohibits individual states from adopting regulations related to fuel economy. The Trump administration asserts that California's policies force automakers to comply with a state-specific standard. California leaders have responded by defending their right to regulate tailpipe emissions. This case is expected to establish a legal precedent regarding automotive manufacturing standards."
S1-C-4,Center,Legal Clash Over Emissions: Trump Administration Battles California,"The Trump administration has escalated its regulatory dispute with California by filing a lawsuit to overturn the state's vehicle emissions targets. The federal government argues that California’s push to require zero-emission vehicles bypasses federal statutes governing fuel efficiency. California's regulations, which aim to eventually eliminate the sale of new gas-powered cars, have been a cornerstone of its environmental strategy. The impending court decisions will clarify the extent of state authority in regulating the automotive market alongside federal guidelines."
S1-LR-1,Lean Right,Trump Administration Sues California to Prevent Patchwork Fuel Economy Standards,"The Trump administration has filed a lawsuit to stop California from enforcing its electric vehicle mandates, arguing the state is overstepping its legal bounds. The Departments of Justice and Transportation assert that California's emissions rules act as a backdoor fuel economy standard, which is strictly the domain of the federal government. Officials warn that allowing one state to dictate manufacturing standards fragments the auto market and ultimately drives up car prices for consumers. The lawsuit aims to restore a uniform national standard for automakers."
S1-LR-2,Lean Right,DOJ Challenges California's State-Level Overreach on Vehicle Emissions,"In a move to protect the national auto market from fragmented regulations, the Trump administration is suing California over its strict zero-emission vehicle policies. The federal government contends that California’s mandates violate federal law by effectively setting state-specific fuel economy standards. Proponents of the lawsuit argue that California’s regulations impose heavy financial burdens on automakers, which are inevitably passed down to car buyers across the country. By enforcing a single federal standard, the administration seeks to provide regulatory certainty for the industry."
S1-LR-3,Lean Right,Feds Sue California to Stop Backdoor Fuel Economy Regulations,"The Justice Department has initiated legal action against California to halt what it calls an illegal electric vehicle mandate. The lawsuit argues that California's strict greenhouse gas rules bypass federal authority, forcing car manufacturers to comply with stringent state-level mileage requirements. Administration officials emphasize that federal law explicitly prohibits states from regulating fuel economy to prevent economic disruption. Supporters point out that establishing a consistent national framework is essential for maintaining a competitive auto market without uneven regulatory costs."
S1-LR-4,Lean Right,Trump Administration Takes Action Against California's Car Market Interference,"Challenging California's regulatory policies, the Trump administration filed a lawsuit to invalidate the state's zero-emission vehicle mandate. Federal agencies argue that California is unlawfully attempting to phase out gas-powered cars by imposing standards that conflict with national law. The administration insists that national fuel economy must be regulated uniformly by the federal government, not dictated by the environmental goals of a single state. The lawsuit is seen as a necessary step to keep vehicle prices manageable and preserve a stable manufacturing environment."
S1-R-1,Right,Trump DOJ Sues to Block California’s Costly ‘Backdoor’ EV Mandate,"The Trump administration has taken legal action to stop California’s costly environmental overreach. The Justice Department filed a lawsuit Thursday arguing that California is forcing a restrictive electric vehicle mandate on the entire nation. By imposing extreme tailpipe emissions rules, California is attempting to bypass federal law and dictate fuel economy standards. This policy not only infringes on federal authority but threatens to drastically inflate vehicle costs and eliminate consumer choice. The administration's lawsuit aims to protect American drivers from California's heavy-handed climate agenda."
S1-R-2,Right,Feds Sue to Stop California's Unlawful Push to Ban Gas-Powered Cars,"Pushing back against extreme state overreach, the Trump administration is suing California to block its mandate phasing out gas-powered cars. The Departments of Justice and Transportation assert that California’s zero-emission regulations blatantly violate federal law, which reserves fuel economy standards for the national government. California's attempt to force its climate policies onto automakers creates a backdoor mandate that burdens the auto industry and drives up prices for everyday consumers. This lawsuit aims to protect American freedom of choice from out-of-touch state bureaucracy."
S1-R-3,Right,Trump Administration Protects Consumers from California's Sweeping EV Rules,"President Trump’s Justice Department has filed a lawsuit to dismantle California’s overreaching electric vehicle mandate. The lawsuit correctly points out that California is violating federal law by trying to establish its own fuel economy standards through stringent emission rules. California's aggressive policies place a massive financial burden on automakers, deliberately driving up the cost of cars to push Americans away from gas-powered vehicles. By stepping in to block this regulatory maneuver, the Trump administration is standing up for the free market and ensuring affordable vehicle prices."
S1-R-4,Right,DOJ Halts California's Attempt to Force Its Auto Mandates on the Nation,"In a strong defense of federal law and consumer rights, the Trump administration has sued California over its zero-emission vehicle mandates. The federal government argues that California’s backdoor attempt to regulate fuel economy is illegal and preempted by national statutes. California’s mandates are designed to phase out traditional vehicles, an agenda that would severely limit the options available to American drivers nationwide. This lawsuit is a necessary intervention to stop runaway state-level regulations from imposing costly environmental ideologies on the broader American economy."
S2-L-1,Left,Administration Invokes National Security to Bypass Wildlife Protections in the Gulf,"In a major blow to environmental conservation, the Trump administration's Endangered Species Committee has voted to exempt Gulf of Mexico oil drilling from the Endangered Species Act. Following a request from Defense Secretary Pete Hegseth, the panel cited the ongoing conflict in Iran as justification to bypass environmental regulations. Conservation groups warn this decision jeopardizes the survival of the critically endangered Rice’s whale and other marine life. Critics argue the administration is using national security as a pretext to hand over protected waters to the fossil fuel industry, disregarding the ecological consequences."
S2-L-2,Left,Unprecedented 'God Squad' Meeting Strips Protections from Endangered Marine Life,"The Trump administration has successfully utilized a rare federal loophole to fast-track oil and gas drilling in the Gulf of Mexico. Bypassing standard environmental laws, the Endangered Species Committee granted the fossil fuel industry an exemption from protecting vulnerable species like sea turtles and the nearly extinct Rice's whale. The administration claims the exemption is necessary for domestic energy supplies amid the war in Iran. However, environmental advocates recognize this as a deeply harmful maneuver that prioritizes corporate drilling interests over bedrock wildlife protections and the health of Gulf ecosystems."
S2-L-3,Left,Federal Panel Chooses Oil Industry Over Survival of Endangered Gulf Whales,"Despite legal challenges from environmental groups, the Trump administration has granted the oil and gas industry a sweeping exemption from the Endangered Species Act in the Gulf of Mexico. Convening the rarely used ""God Squad,"" officials argued that protecting marine habitats threatened national security by slowing domestic oil production. Conservationists are alarmed by the ruling, pointing out that expanding offshore drilling operations puts one of the world's rarest whales at severe risk. The decision sets a troubling precedent for using geopolitical conflicts to dismantle foundational environmental safeguards."
S2-L-4,Left,Trump Administration Waives Crucial Wildlife Protections for Gulf Drilling,"Ignoring protests and warnings from scientists, the Trump administration's Endangered Species Committee has officially removed legal protections for endangered animals in the Gulf of Mexico. The ruling allows oil developers to operate without complying with the Endangered Species Act, a move Defense Secretary Hegseth claims is vital for energy security during the Iran conflict. Environmental organizations strongly condemn the decision, stating that prioritizing short-term oil extraction will have lasting, devastating impacts on already vulnerable marine species, effectively putting the profits of the energy sector above the survival of fragile ecosystems."
S2-LL-1,Lean Left,Rarely Used Federal Panel Overrides Environmental Rules for Gulf Drilling,"For the first time in over three decades, the federal Endangered Species Committee convened to grant a controversial exemption for oil and gas drilling in the Gulf of Mexico. The panel, led by Interior Secretary Doug Burgum, voted to waive Endangered Species Act requirements, citing national security concerns related to the war in Iran. Environmental groups are alarmed, warning that the decision threatens dozens of imperiled species, including the Rice’s whale. Critics question the validity of the national security justification, arguing the administration is rolling back decades of established environmental protections."
S2-LL-2,Lean Left,Trump Administration Bypasses Endangered Species Act to Boost Oil Supply,"In a move that concerns wildlife advocates, a panel of senior Trump administration officials has exempted Gulf of Mexico oil operations from the Endangered Species Act. The committee voted to remove environmental safeguards, prioritizing domestic energy production over the protection of vulnerable marine life. While Defense Secretary Pete Hegseth argued that environmental lawsuits threaten energy supplies amid the Iran conflict, conservationists warn this unprecedented decision could push the rare Rice's whale closer to extinction. The waiver removes regulatory hurdles for the oil industry but leaves coastal ecosystems exposed."
S2-LL-3,Lean Left,Federal Vote Jeopardizes Rare Whales to Expand Offshore Oil Production,"The Trump administration has faced pushback after using a little-known federal committee to eliminate protections for endangered species in the Gulf of Mexico. The exemption shields the oil and gas industry from complying with the Endangered Species Act. Officials claim the move is a necessary national security measure to maintain energy independence during the ongoing war in Iran. However, environmental experts point out that expanding offshore drilling operations can cause significant damage to marine habitats, putting already fragile populations of whales and sea turtles at increased risk."
S2-LL-4,Lean Left,Controversial Exemption Granted to Oil Companies in the Gulf of Mexico,"Citing the need for uninterrupted energy supplies during the war in Iran, the Trump administration has granted the oil industry an exemption from the Endangered Species Act in the Gulf of Mexico. The decision was made by the Endangered Species Committee, a high-level panel utilized only a few times in U.S. history. While the administration frames the move as vital to national defense, wildlife organizations argue it is a concerning circumvention of the law that could negatively impact marine life. The ruling effectively blocks environmentalists from using the courts to halt offshore drilling projects."
S2-C-1,Center,Federal Committee Exempts Gulf of Mexico Drilling from Endangered Species Act,"A committee of senior Trump administration officials voted to exempt the Gulf of Mexico oil and gas industry from the Endangered Species Act. The Endangered Species Committee, chaired by Interior Secretary Doug Burgum, cited national security concerns regarding the ongoing war in Iran as the primary reason for the waiver. Defense Secretary Pete Hegseth stated that lawsuits from environmental groups threatened to disrupt domestic energy supplies. Environmental organizations protested the decision, warning that the exemption could harm protected marine life in the Gulf, including the endangered Rice's whale."
S2-C-2,Center,Trump Administration Waives Environmental Rules for Gulf Oil Operations,"The federal Endangered Species Committee has approved an exemption allowing oil and gas developers in the Gulf of Mexico to bypass certain environmental regulations. Following a judge's refusal to block the meeting, the panel voted to lift Endangered Species Act restrictions on drilling activities. The administration justified the move as a matter of national security, aiming to protect the U.S. energy supply chain amid geopolitical tensions in Iran. Environmental advocates criticized the vote, raising concerns about the potential ecological impact on vulnerable Gulf wildlife."
S2-C-3,Center,Panel Cites National Security in Exempting Gulf Drilling from Species Rules,"In its first meeting in over 30 years, the Endangered Species Committee granted an exemption for oil and gas exploration in the Gulf of Mexico. The decision removes the legal requirement for energy companies to comply with the Endangered Species Act in the region. Defense Secretary Pete Hegseth requested the exemption, arguing that uninterrupted domestic energy production is vital during the current conflict with Iran. Opponents of the measure, including several wildlife advocacy groups, argue that the ruling sets a precedent that puts protected marine species at risk."
S2-C-4,Center,Endangered Species Committee Votes to Allow Broad Gulf Drilling Exemption,"A federal panel known as the Endangered Species Committee voted Tuesday to exempt offshore oil and gas drilling in the Gulf of Mexico from federal wildlife protections. Trump administration officials determined that national security requirements necessitate shielding the industry from environmental litigation that could slow energy production. The waiver comes as the U.S. navigates energy demands linked to the war in Iran. Wildlife conservationists condemned the decision, pointing out that the Gulf is home to federally protected species that could be affected by expanded drilling operations."
S2-LR-1,Lean Right,Administration Shields Gulf Energy Production from Environmental Lawsuits,"The Trump administration has taken action to protect America's domestic energy supply by exempting Gulf of Mexico oil operations from the Endangered Species Act. The Endangered Species Committee voted to grant the waiver, citing urgent national security needs stemming from the war in Iran. Defense Secretary Pete Hegseth warned that ongoing litigation from environmental groups was threatening to delay the nation's energy infrastructure. By removing these regulatory roadblocks, the administration aims to ensure consistent oil and gas production to stabilize the energy sector during international conflict."
S2-LR-2,Lean Right,Federal Panel Grants National Security Exemption for Gulf Drilling,"In a move to bolster national security and energy independence, a federal committee has waived Endangered Species Act requirements for oil and gas developers in the Gulf of Mexico. Administration officials utilized the legal exemption to prevent environmental regulations from stalling critical energy projects. With the ongoing war in Iran impacting global markets, the administration argues that the U.S. cannot afford to have its domestic oil production slowed down by bureaucratic hurdles. The decision provides essential regulatory certainty for the American energy industry."
S2-LR-3,Lean Right,Endangered Species Committee Secures Domestic Energy Supply in the Gulf,"The federal Endangered Species Committee convened Tuesday to address threats to U.S. energy production, ultimately voting to exempt the Gulf of Mexico oil industry from restrictive environmental rules. Defense Secretary Pete Hegseth emphasized that ensuring a reliable domestic energy supply is a matter of national defense, especially given the military conflict in Iran. The exemption will protect offshore drilling operations from being delayed by environmentalist litigation. Proponents argue that maintaining American energy stability must be prioritized to safeguard the nation's strategic interests."
S2-LR-4,Lean Right,Trump Administration Clears Path for Gulf Oil to Protect National Security,"Prioritizing the nation's strategic energy needs, the Trump administration has granted the oil and gas industry an exemption from the Endangered Species Act in the Gulf of Mexico. The committee's vote removes regulatory burdens that administration officials say were being used by environmental groups to disrupt domestic oil extraction. Citing the war in Iran, the government determined that national security outweighs localized environmental concerns. This exemption guarantees that American energy producers can operate efficiently and continue to supply the country with vital resources."
S2-R-1,Right,Trump Administration Halts Environmental Lawsuits to Secure American Energy,"In a victory for American energy independence, the Trump administration's Endangered Species Committee has shielded Gulf of Mexico oil drilling from activist litigation. Citing vital national security interests during the Iran war, the committee granted an exemption from the Endangered Species Act. Defense Secretary Pete Hegseth identified that lawsuits were threatening to hobble domestic energy supply when it is needed most. This decision ensures that America's energy sector remains strong, refusing to let environmental agendas compromise national defense and domestic production."
S2-R-2,Right,Federal Panel Invoked to Protect US Oil Supply from Activist Litigation,"President Trump's administration took decisive action Tuesday to protect national security, utilizing the Endangered Species Committee to exempt Gulf oil and gas operations from restrictive federal rules. For years, environmental activists have used the Endangered Species Act to stall energy projects. With the nation facing overseas threats in Iran, Defense Secretary Pete Hegseth made it clear that domestic energy production cannot be delayed by lawsuits over wildlife. This crucial exemption puts America's security and energy independence first."
S2-R-3,Right,National Security Prioritized Over Climate Agenda in Gulf Drilling Vote,"The Trump administration has neutralized a threat to America's energy infrastructure by granting Gulf oil producers an exemption from the Endangered Species Act. Recognizing the strategic necessity of a robust energy sector during the conflict with Iran, the federal committee voted to shield oil and gas operations from the legal challenges of environmental groups. Critics note these groups frequently use wildlife protections to slow the fossil fuel industry. This action ensures the military and economy will have the reliable energy supply required."
S2-R-4,Right,Trump Administration Secures the Gulf: Energy Independence Over Bureaucracy,"Fighting back against anti-energy litigation, the Trump administration has waived burdensome Endangered Species Act regulations for the Gulf of Mexico. This vital national security measure, requested by the Defense Department amid the Iran war, stops environmental groups from using bureaucratic red tape to delay American oil production. The vote by the federal committee is a win for domestic energy workers and national defense. By preventing activists from using federal laws to stall energy independence, the administration is ensuring that America remains secure and prosperous."
S3-L-1,Left,Taxpayers Billed $1 Billion in Outrageous Payout to Halt Offshore Wind Farms,"The Trump administration faces intense backlash after announcing a nearly $1 billion taxpayer-funded payout to French energy giant TotalEnergies to abandon two offshore wind projects. Under the unprecedented agreement, the federal government will reimburse the company for its lease fees on the condition that the funds are redirected into fossil fuel infrastructure. Environmental advocates and watchdog groups have slammed the deal as an outrageous misuse of public funds, describing it as a massive bribe to the oil industry that actively sabotages the nation’s transition to clean energy and worsens the climate crisis."
S3-L-2,Left,Administration Sabotages Clean Energy Progress With $1B Fossil Fuel Handout,"In a blatant effort to crush renewable energy development, the Trump administration is paying almost $1 billion to stop the construction of East Coast wind farms. The Department of the Interior struck a deal to reimburse TotalEnergies for its offshore leases, forcing the company to pivot its investments toward liquefied natural gas and oil projects in Texas. Climate activists point out that this taxpayer-funded arrangement intentionally deprives millions of homes of clean electricity. Critics argue the administration is weaponizing public money to protect the profits of corporate polluters at the direct expense of a habitable planet."
S3-L-3,Left,Outrage Builds Over Trump’s Billion-Dollar Buyout of Wind Energy Projects,"The White House has finalized a deal to pay a multinational energy corporation $928 million to cancel its plans for offshore wind farms in the Atlantic. Rather than advancing sustainable power, the Trump administration's agreement mandates that TotalEnergies reinvest the federal reimbursement into expanding domestic oil and gas operations. Environmental groups are fiercely condemning the move, highlighting that the administration is using public coffers to artificially prop up the fossil fuel sector while actively killing green jobs and obstructing critical progress toward reducing the country's greenhouse gas emissions."
S3-L-4,Left,Federal Government Pays Oil Giant Nearly $1B to Abandon Clean Power Leases,"In its latest attack on climate initiatives, the Trump administration announced a nearly $1 billion payment to TotalEnergies in exchange for the company relinquishing two major offshore wind leases. The deal specifically requires the French energy firm to redirect the funds into American oil and gas production. Watchdogs are calling the arrangement a ""taxpayer-funded bribe"" designed to systematically dismantle the offshore wind industry built during the Biden era. The decision effectively sacrifices renewable energy infrastructure to further entrench the United States' reliance on dirty, climate-destroying fossil fuels."
S3-LL-1,Lean Left,US Government's $1 Billion Payment to Cancel Wind Farms Raises Questions,"A novel federal agreement is drawing significant scrutiny after the Trump administration agreed to pay nearly $1 billion to halt planned offshore wind projects. The Department of the Interior will reimburse French firm TotalEnergies $928 million for leases previously purchased near New York and North Carolina. In return, the company will abandon the wind farms and shift its investments toward oil and gas production. While the administration claims the move will lower energy costs, critics view it as a concerning reversal of clean energy policy that forces taxpayers to foot the bill for expanding fossil fuel infrastructure."
S3-LL-2,Lean Left,Trump Administration Reimburses TotalEnergies to Walk Away from Offshore Wind,"In a striking pivot away from renewable energy, the Trump administration has reached a $1 billion agreement with TotalEnergies to cancel the development of two Atlantic wind farms. The settlement refunds the company's lease fees with the stipulation that the capital be redirected into domestic liquefied natural gas and oil projects. The scrapped wind projects were originally slated to provide renewable electricity for over a million homes. Environmental policy experts are criticizing the move, arguing that paying corporations to abandon green energy sets a troubling precedent that will ultimately slow the nation's necessary climate transition."
S3-LL-3,Lean Left,White House Spends Nearly $1B to Halt East Coast Wind Energy Projects,"The Trump administration has finalized a highly unusual deal to pay French energy giant TotalEnergies close to $1 billion to forfeit its offshore wind leases. Interior Secretary Doug Burgum announced that the federal reimbursement aims to shift investments away from renewable energy and into traditional fossil fuels, particularly LNG facilities in Texas. Opponents of the administration’s strategy note that this approach actively stifles the growing offshore wind industry. The agreement has drawn sharp criticism from environmentalists who argue it is a short-sighted maneuver that sacrifices long-term sustainability for immediate fossil fuel extraction."
S3-LL-4,Lean Left,Trump's Billion-Dollar Deal Shifts Renewable Energy Funds to Fossil Fuels,"The U.S. government will pay nearly $1 billion to a French energy company to cancel its plans to build a pair of wind farms off the East Coast. The Trump administration announced the settlement with TotalEnergies as part of its broader campaign against the offshore wind sector. The company will forfeit its leases and, in turn, invest the refunded money into American oil and gas projects. While officials point to the current global energy crisis as justification, renewable energy advocates argue the deal foolishly abandons sustainable infrastructure that could have provided long-term relief to consumers."
S3-C-1,Center,US Reaches $1 Billion Settlement to Cancel TotalEnergies Wind Farm Leases,"The Trump administration has agreed to pay French energy company TotalEnergies $928 million to relinquish two offshore wind leases. The Department of the Interior announced the settlement on Monday, confirming that TotalEnergies will abandon its plans to develop wind farms off the coasts of New York and North Carolina. Under the terms of the agreement, the company will redirect the reimbursed funds into investments in U.S. oil, natural gas, and LNG infrastructure. The administration states the move will boost reliable domestic energy, while environmental groups have criticized the cancellation of the renewable power projects."
S3-C-2,Center,Trump Administration Pays Energy Firm $1B to Redirect Wind Investments to Gas,"The U.S. government is reimbursing TotalEnergies nearly $1 billion to walk away from offshore wind development and instead invest in fossil fuel projects. The agreement, announced at an energy conference in Houston, ends the company's involvement in two Atlantic wind leases awarded in 2022. Interior Secretary Doug Burgum said the deal will shift capital toward affordable and reliable energy production, pointing to planned LNG investments in Texas. Critics of the administration’s energy policy argue the buyout is a misuse of taxpayer funds that hinders the country's transition toward clean energy sources."
S3-C-3,Center,TotalEnergies Abandons US Offshore Wind Projects in $928 Million Federal Deal,"French energy major TotalEnergies has agreed to forfeit its offshore wind leases in the United States following a $928 million settlement with the Trump administration. The federal reimbursement covers the lease fees previously paid by the company. In exchange, TotalEnergies will redirect the capital toward domestic oil and liquefied natural gas (LNG) production. The administration views the agreement as a way to prioritize natural gas resources amid global supply disruptions caused by the war in Iran, though the decision has drawn backlash from environmental organizations advocating for the expansion of renewable energy."
S3-C-4,Center,White House Pays TotalEnergies $1B to Scrap Wind Leases for Oil and Gas,"The Trump administration has finalized a nearly $1 billion deal with TotalEnergies to cancel the construction of two East Coast wind farms. The Department of the Interior will refund the company's lease payments, with the funds slated to be reinvested into U.S. fossil fuel infrastructure. The administration framed the agreement as a necessary step to secure the nation's energy supply and lower consumer bills by prioritizing natural gas. Conversely, opponents argue the move damages the burgeoning offshore wind industry and effectively pays an energy company to abandon clean power initiatives."
S3-LR-1,Lean Right,Administration Reimburses Energy Firm $1B to Prioritize Reliable Natural Gas,"The Trump administration has reached a strategic agreement to redirect nearly $1 billion from expensive offshore wind projects into reliable domestic natural gas production. The Department of the Interior will refund TotalEnergies for two Atlantic wind leases, ending the company's wind development in the U.S. In return, the French energy giant will invest the capital in vital American LNG and oil infrastructure. Officials argue this pragmatic shift is necessary to ensure affordable energy for consumers and stabilize the domestic supply chain, especially as global fuel markets face severe disruptions from the conflict in Iran."
S3-LR-2,Lean Right,Trump Admin Shifts $1B from Costly Offshore Wind to US Fossil Fuel Projects,"In a move to bolster American energy security, the Trump administration has finalized a $928 million deal with TotalEnergies to scrap two planned offshore wind farms. The settlement reimburses the company for leases purchased during the previous administration, allowing the capital to be redirected into natural gas and oil development in Texas. Interior Secretary Doug Burgum emphasized that the agreement transitions investments away from heavily subsidized and unreliable wind energy, focusing instead on proven fossil fuel resources that will lower monthly utility bills and strengthen the U.S. economy."
S3-LR-3,Lean Right,Government Secures Deal to Replace Wind Farm Plans with Essential LNG Investment,"The Trump administration has successfully negotiated a nearly $1 billion agreement with TotalEnergies to cancel offshore wind leases off the East Coast. By reimbursing the company's initial lease costs, the government is ensuring those funds are reinvested directly into American oil and LNG export facilities. Proponents of the deal note that offshore wind development is often plagued by high costs and logistical hurdles. This agreement provides a practical solution, shifting focus back to the reliable fossil fuel infrastructure needed to maintain U.S. energy independence during a period of international market volatility."
S3-LR-4,Lean Right,US Pays TotalEnergies to Abandon Wind Leases and Boost Domestic Gas Supply,"Prioritizing affordable energy, the U.S. government has agreed to a nearly $1 billion settlement with TotalEnergies to halt its offshore wind operations. The Interior Department will refund the company's lease payments in exchange for a commitment to invest the funds in domestic oil and gas projects. The administration views the cancellation of the Atlantic wind farms as a necessary course correction, moving away from expensive green energy initiatives. By accelerating investments in LNG and traditional energy sectors, the agreement aims to protect American consumers from the rising costs associated with the global energy crisis."
S3-R-1,Right,Trump Administration Ends Billion-Dollar Biden Wind Boondoggle for Real Energy,"In a major victory for American energy dominance, the Trump administration has secured a nearly $1 billion agreement to end costly Biden-era offshore wind projects. Under the deal, TotalEnergies will surrender its offshore leases in exchange for a refund, redirecting that capital into reliable American oil and LNG production. Interior Secretary Doug Burgum praised the move, noting it ends the era of taxpayer-subsidized, unreliable green energy schemes. The administration asserts this strategic pivot will lower energy bills for hardworking Americans and protect the nation's energy security amid global supply disruptions."
S3-R-2,Right,White House Scraps Offshore Eyesores to Boost American Oil and Gas,"The Trump administration has successfully dismantled a massive piece of the left's green energy agenda, paying $928 million to cancel two offshore wind farms. The brilliant deal with French firm TotalEnergies ensures that nearly a billion dollars previously tied up in unreliable wind turbines will now be invested directly into the U.S. fossil fuel industry. By ending these expensive, subsidized wind leases off the coasts of New York and North Carolina, the administration is securing America's energy future, prioritizing the affordable natural gas and oil that actually powers our economy."
S3-R-3,Right,Trump Admin Secures Landmark Deal to Replace Failed Wind Farms with LNG,"Putting American consumers first, the Trump administration has struck a brilliant deal to redirect $1 billion away from failing offshore wind projects. The Department of the Interior has bought out TotalEnergies' wind leases, forcing the company to invest the funds into American oil and gas infrastructure instead. For years, the left has pushed costly, inefficient wind energy that drives up utility bills. This landmark agreement permanently shelves those disastrous plans, ensuring that capital is spent on reliable, abundant fossil fuels that will keep our country strong and our energy prices low."
S3-R-4,Right,Major Victory: Trump Halts Billion-Dollar Offshore Wind Scheme,"The Trump administration has struck a massive blow against the radical climate agenda, securing an agreement to cancel nearly $1 billion in offshore wind development. The government is refunding TotalEnergies for its Biden-era leases, ensuring the company abandons the wind industry and redirects its investments into American LNG and oil projects. This decisive action protects taxpayers and consumers from the skyrocketing costs of unreliable green energy. By ditching these massive offshore eyesores, the administration is doubling down on American energy independence and ensuring our reliance on proven, affordable fossil fuels."
S4-L-1,Left,Interior Secretary Burgum Launches Brutal Assault on Public Lands and Green Energy,"Interior Secretary Doug Burgum faced intense backlash during a House Appropriations hearing over his proposed $16 billion budget, which Democrats argue systematically guts America’s environmental agencies. Lawmakers accused Burgum of kneecapping wind and solar power to appease fossil fuel executives. The devastating budget seeks to eliminate nearly 3,000 positions from the National Park Service and significantly weaken the Bureau of Land Management. Environmental advocates warn that Burgum is sacrificing the stewardship of public lands and sabotaging the clean energy transition to enrich corporate polluters."
S4-L-2,Left,Interior Budget Proposes Devastating Cuts to National Parks and Clean Energy,"Lawmakers aggressively questioned Interior Secretary Doug Burgum over a $16 billion budget proposal that environmentalists are calling a disaster for public lands. During the House hearing, Democrats lambasted Burgum for systematically kneecapping wind and solar power to serve the fossil fuel industry. The administration’s budget includes severe cuts, threatening to eliminate nearly 3,000 jobs from the National Park Service and the Fish and Wildlife Service. Advocates stress that this deliberate underfunding is a transparent attempt to dismantle the agencies tasked with protecting the nation's natural resources."
S4-L-3,Left,Burgum Faces Intense Backlash for Gutting Environmental Agencies to Appease Big Oil,"In a contentious House Appropriations hearing, Democrats excoriated Interior Secretary Doug Burgum for an agenda that blatantly caters to oil and gas corporations at the expense of the environment. Burgum's $16 billion budget request seeks to slash thousands of positions from critical oversight agencies, including the Bureau of Land Management. Representatives accused the Secretary of actively kneecapping renewable energy development. Climate advocates argue this budget represents a hostile takeover of public lands by fossil fuel interests, stripping away essential environmental protections."
S4-L-4,Left,House Democrats Slam Burgum for Unprecedented Assault on Renewable Energy,"Interior Secretary Doug Burgum is under fire for a budget request that effectively halts federal support for wind and solar power while gutting agencies that protect public lands. During Monday's hearing, Democrats accused the department of kowtowing to the oil and gas industry. The proposed fiscal plan would devastate the National Park Service by removing thousands of staff members. Critics view the budget as a calculated assault on America's environmental heritage, designed to remove regulatory roadblocks for fossil fuel extraction while abandoning sustainable energy."
S4-LL-1,Lean Left,Democrats Accuse Interior Secretary Burgum of Kneecapping Renewable Energy,"During a tense House Appropriations hearing, Interior Secretary Doug Burgum defended the administration's $16 billion budget request amid sharp criticism from Democratic lawmakers. Representatives accused the Interior Department of being entirely submissive to oil and gas interests while deliberately kneecapping wind and solar initiatives. The proposed budget has sparked widespread concern due to plans to cut thousands of vital staff positions across the National Park Service and the Bureau of Land Management. Critics argue the administration is undermining the agencies responsible for caring for public lands."
S4-LL-2,Lean Left,Burgum Defends Fossil Fuel Push as Democrats Criticize Interior Budget Cuts,"Interior Secretary Doug Burgum faced a barrage of criticism from House Democrats regarding the administration’s $16 billion budget request. Lawmakers accused Burgum of prioritizing the oil and gas industry while actively kneecapping wind and solar power initiatives. The contentious hearing highlighted the administration's proposed cuts to public land management, including the elimination of thousands of positions within the National Park Service. While Burgum attempted to pivot the conversation toward the funding structures of non-governmental organizations, Democrats remained focused on the long-term environmental damage caused by underfunding conservation."
S4-LL-3,Lean Left,Interior Secretary Criticized for Slashing Public Land Stewardship in New Budget,"A House Appropriations panel saw heated exchanges as Interior Secretary Doug Burgum defended a $16 billion budget that Democrats say heavily favors oil and gas production. Representatives expressed deep concern over the administration's apparent effort to undermine renewable energy projects. Additionally, the budget proposes significant workforce reductions across the Bureau of Land Management and the Fish and Wildlife Service. Environmental policy experts warn that these sweeping cuts will severely compromise the federal government's ability to manage and protect public lands."
S4-LL-4,Lean Left,Democrats Press Burgum on Renewable Energy Rollbacks and National Park Cuts,"During a budget hearing on Monday, Interior Secretary Doug Burgum defended the administration's energy policies against accusations that the department is unfairly targeting renewable energy. Democratic lawmakers argued that the Interior Department is kneecapping wind and solar projects to benefit traditional oil and gas interests. The proposed $16 billion budget has also drawn scrutiny for its plan to eliminate nearly 3,000 jobs within the National Park Service. Critics argue the administration is using the budget process to dismantle environmental oversight in favor of fossil fuel extraction."
S4-C-1,Center,Interior Secretary Burgum Defends $16 Billion Budget Amid Clashes Over Energy Policy,"Interior Secretary Doug Burgum testified before a U.S. House Appropriations panel on Monday to defend the administration’s $16 billion budget request for the upcoming fiscal year. The hearing highlighted deep partisan divides over energy policy. Democrats accused the department of kneecapping renewable energy in favor of oil and gas, and criticized proposed staffing cuts to agencies like the National Park Service. In response, Burgum defended the administration's focus on fossil fuel production and countered by raising concerns about federal grants, stating that some environmental NGOs receive the vast majority of their funding from taxpayers while paying high salaries to executives."
S4-C-2,Center,Burgum Clashes with House Panel Over Interior Budget and Energy Priorities,"Interior Secretary Doug Burgum appeared before a House Appropriations panel to outline the administration's $16 billion budget request. The hearing featured sharp disagreements over the nation's energy priorities, with Democrats accusing the Interior Department of kneecapping renewable energy in favor of oil and gas production. Lawmakers also scrutinized proposed staffing reductions for the National Park Service and the Bureau of Land Management. Burgum defended the budget and the administration's energy approach, while also introducing criticisms of environmental NGOs, pointing out that some organizations rely heavily on federal grants to fund lucrative executive salaries."
S4-C-3,Center,House Hearing Highlights Divide Over Interior Department Budget and NGOs,"A $16 billion budget request for the Interior Department sparked debate during a recent House Appropriations committee hearing. Interior Secretary Doug Burgum faced questions from Democrats who argued the administration is submissive to oil and gas interests at the expense of wind and solar power. The budget also outlines thousands of job cuts across various land management agencies. In his testimony, Burgum defended the administration's policies and directed attention toward the financial practices of non-governmental organizations, citing data that suggests high amounts of federal grant money are being used to pay CEO salaries and lobbyists."
S4-C-4,Center,Burgum Defends $16B Interior Budget Against Criticisms of Renewable Energy Cuts,"Interior Secretary Doug Burgum defended the Trump administration's $16 billion budget request on Monday, facing a panel of House Democrats who accused him of kneecapping the wind and solar industries. The hearing covered a range of contentious issues, including the administration's focus on oil and gas and proposed reductions in staffing for the National Park Service. Burgum countered the criticism by highlighting what he described as financial mismanagement among NGOs, testifying that organizations receiving 80-100% of their revenue from federal grants were paying out large sums to executives and lobbyists."
S4-LR-1,Lean Right,Burgum Defends Energy Agenda. Highlights Massive Waste in NGO Federal Grants,"Interior Secretary Doug Burgum defended the administration's energy policies during a House Appropriations hearing, pushing back against Democratic accusations that he is favoring oil and gas companies. While lawmakers criticized the administration's $16 billion budget and proposed bureaucratic reductions, Burgum shifted the focus to government oversight and fiscal responsibility. He revealed that several non-governmental organizations receive nearly all their revenue from federal grants, yet use those taxpayer funds to pay executives up to $650,000 and fund high-priced lobbyists. Supporters argue Burgum's budget rightfully trims bloated federal agencies while exposing the misuse of taxpayer dollars."
S4-LR-2,Lean Right,Secretary Burgum Calls Out NGO Financial Waste During Budget Hearing,"While defending the administration's $16 billion Interior budget, Secretary Doug Burgum pushed back against partisan attacks and highlighted the misuse of taxpayer funds by environmental NGOs. House Democrats used the hearing to accuse Burgum of kneecapping renewable energy, criticizing his efforts to trim bloated agencies like the National Park Service. However, Burgum shifted the focus to government accountability, revealing that many organizations lobbying against the administration rely almost entirely on federal grants while paying their CEOs upwards of $650,000. The hearing underscored the administration's commitment to fiscal responsibility and practical energy production."
S4-LR-3,Lean Right,Burgum Defends Energy Strategy. Exposes Taxpayer-Funded Lobbying,"Interior Secretary Doug Burgum used a House Appropriations hearing to defend a pragmatic energy agenda and expose questionable financial practices by non-governmental organizations. Democrats grilled Burgum over a $16 billion budget request that responsibly trims thousands of bureaucratic positions across federal land agencies, accusing him of favoring the oil and gas industry. Burgum countered the political posturing by revealing that federal grants are routinely being used to fund $400,000 salaries for lobbyists at various NGOs. Supporters of the administration applaud Burgum for addressing federal waste and maintaining a focus on affordable, reliable energy."
S4-LR-4,Lean Right,Interior Secretary Rebukes Democrats Over NGO Grant Abuse,"During a contentious budget hearing, Interior Secretary Doug Burgum defended the administration's realistic approach to energy policy against claims that he is kneecapping renewable energy. As Democrats criticized the $16 billion budget's necessary cuts to bloated land management agencies, Burgum dropped a bombshell regarding the funding of environmental NGOs. He exposed that organizations relying almost entirely on federal grants are using taxpayer dollars to pay their CEOs exorbitant $650,000 salaries. The hearing highlighted the administration's drive to eliminate government waste and ensure federal funds aren't subsidizing excessive activist payrolls."
S4-R-1,Right,Democrat Melts Down as Burgum Drops Bombshell on NGO Corruption,"Interior Secretary Doug Burgum exposed massive left-wing corruption during a fiery House hearing, revealing that environmental NGOs are using taxpayer dollars to enrich themselves. While Democrats hysterically accused the administration of gutting bloated federal programs, Burgum dropped a bombshell: these organizations receive 80-100% of their revenue from federal grants, yet pocket $650,000 CEO salaries and hand $400,000 to lobbyists. One Democrat lawmaker completely melted down, showing she only cared about protecting her partisan bureaucrats rather than stopping the egregious waste of taxpayer money that Burgum is fighting to end."
S4-R-2,Right,Secretary Burgum Exposes Taxpayer-Funded Corruption in Environmental NGOs,"During a House Appropriations committee hearing, Interior Secretary Doug Burgum dismantled partisan attacks by exposing the rampant corruption within left-wing non-governmental organizations. As Democrats complained about the administration's necessary moves to gut bloated federal agencies like the National Park Service, Burgum revealed that radical NGOs are surviving entirely on federal grants. Shockingly, these taxpayer-funded groups are paying their CEOs $650,000 and giving lobbyists $400,000 each. The hearing proved that while Democrats melt down over losing their bureaucratic power, the Trump administration is actively working to drain the swamp."
S4-R-3,Right,Burgum Wrecks Democrat Narrative. Exposes Left-Wing NGO Grift,"Interior Secretary Doug Burgum delivered a masterclass in accountability during a recent House hearing, completely derailing Democrat attempts to defend bloated government agencies. When accused of favoring oil and gas over unreliable green energy, Burgum dropped a massive bombshell on the committee. He detailed how environmental NGOs act as a taxpayer-funded grift, pulling in 100% of their revenue from federal grants just to pay out $650,000 to CEOs and $400,000 to radical lobbyists. Instead of addressing this blatant corruption, Democrats melted down, proving they care more about protecting their cronies than the American taxpayer."
S4-R-4,Right,Democrats Panic as Burgum Drops Taxpayer Grant Bombshell at Hearing,"Interior Secretary Doug Burgum triggered a massive Democrat meltdown during a House hearing after exposing the deep-rooted corruption of environmental NGOs. While left-wing politicians tried to attack Burgum for his excellent work gutting bloated federal land management programs, Burgum turned the tables. He revealed the shocking truth that these activist organizations are funded almost entirely by federal grants, funneling that taxpayer money into $650,000 executive salaries and massive payouts for lobbyists. The hearing highlighted the absolute hypocrisy of the left, who ignore blatant corruption to protect their radical, anti-energy agenda."
S5-L-1,Left,Federal Judge Strikes Down Texas' Retaliatory Anti-Climate Law,"A federal judge has struck down a retaliatory Texas law that prohibited state investments in financial firms moving away from fossil fuels. Environmental advocates and civil rights groups praised the decision to overturn Senate Bill 13, noting the law was a blatant attempt to silence climate action and protect corporate polluters. The ruling by a Trump-appointed judge highlights the unconstitutional nature of the state's costly effort to blacklist reputable businesses under the guise of protecting the oil industry."
S5-L-2,Left,Costly Texas Law Protecting Fossil Fuel Polluters Ruled Unconstitutional,"In a massive win for free speech and climate progress, a federal court has declared Texas's anti-ESG law unconstitutional. The draconian legislation, which targeted investment firms that boycotted the fossil fuel industry, ultimately cost Texas taxpayers hundreds of millions of dollars while shielding corporate polluters from market accountability. Advocates argue that the judge's decision exposes the lengths to which state politicians will go to enforce retaliatory blacklists against businesses trying to address the global climate crisis."
S5-L-3,Left,Texas' Unconstitutional Boycott Law Dealt Major Legal Blow,"A federal judge appointed by Donald Trump has overturned a controversial Texas law designed to penalize financial institutions that prioritize green investing over fossil fuels. Senate Bill 13 was heavily criticized by environmental groups as a costly and unconstitutional overreach meant to protect the state's wealthy oil and gas interests. The ruling confirms that blacklisting reputable businesses for considering the environmental impacts of their investments violates fundamental First Amendment protections and harms the state's own citizens."
S5-L-4,Left,In Win for the Environment Court Tosses Texas' Pro-Oil Blacklist,"A Texas law designed to aggressively punish companies moving away from fossil fuel investments has been ruled unconstitutional by a federal judge. The legislation, which restricted state funds from being managed by firms supporting environmental sustainability, was found to violate the First and 14th Amendments. Critics celebrated the decision, pointing out that the state's retaliatory anti-ESG crusade not only infringed on free speech but deliberately sacrificed the financial well-being of Texans to artificially prop up the heavily polluting oil and gas sector."
S5-LL-1,Lean Left,Federal Judge Overturns Texas Law Banning Anti-Fossil Fuel Investments,"A federal district court has declared a 2021 Texas law restricting state investments in companies that boycott the fossil fuel industry unconstitutional. The judge found Senate Bill 13 to be ""facially overbroad"" and a violation of First Amendment rights. Critics of the anti-ESG legislation have long argued that the law was an unconstitutional political overreach that ultimately cost Texas taxpayers hundreds of millions of dollars by restricting competition and blacklisting major financial institutions."
S5-LL-2,Lean Left,Texas Anti-ESG Law Ruled Unconstitutional Following Costly Fallout,"A federal judge has struck down a Texas law designed to prevent state funds from being invested in financial firms that avoid the fossil fuel industry. Judge Alan Albright determined that the legislation violates the First and 14th Amendments. Financial experts and legal advocates have previously warned that the law was a form of political posturing that interfered with fiduciary responsibilities. The ruling highlights the legal flaws of the state's attempt to mandate investments in the oil and gas sector at the expense of market freedom."
S5-LL-3,Lean Left,Court Strikes Down Texas' Broad Overreach on Green Investing,"A controversial Texas law that barred the state from doing business with financial firms deemed hostile to the fossil fuel industry has been ruled unconstitutional. The federal court's decision found that Senate Bill 13 was unconstitutionally vague and overbroad. Opponents of the law argue that it was a misguided attempt to penalize companies for considering environmental, social, and governance (ESG) factors, noting that the political stunt severely limited the state's investment options and negatively impacted reputable businesses."
S5-LL-4,Lean Left,Judge Rules Texas Fossil Fuel Protection Law Violates First Amendment,"A federal judge declared Senate Bill 13 unconstitutional, striking down a Texas law that prohibited state investments in firms accused of boycotting fossil fuels. The ruling cited violations of the First and 14th Amendments, dealing a blow to the state's ongoing campaign against ESG investing. Critics of the legislation argue that the law inappropriately forced financial institutions to ignore climate risks, essentially blacklisting companies for exercising ordinary business judgment and prioritizing long-term sustainability over political mandates."
S5-C-1,Center,Judge Rules Texas Law Barring Investment in Anti-Fossil Fuel Firms Unconstitutional,"A federal judge in Texas has ruled that a state law aimed at preventing state funds from being invested with financial firms that boycott fossil fuels is unconstitutional. Judge Alan Albright determined that Senate Bill 13, passed in 2021, violates the First and 14th Amendments due to being overbroad and vague. The legislation, often referred to as an ""anti-ESG"" law, mandated that state entities divest from certain funds. State officials are expected to appeal the decision."
S5-C-2,Center,Federal Court Strikes Down Texas Anti-ESG Investing Law,"A 2021 Texas law that required state entities to divest from financial firms deemed to ""boycott fossil fuels"" has been declared unconstitutional by a federal judge. The ruling found that the law violated the First and 14th Amendments of the U.S. Constitution. Senate Bill 13 was originally passed to protect the state's oil and gas industry from investment strategies focused on environmental, social, and governance (ESG) factors. The state has indicated it will challenge the court's ruling."
S5-C-3,Center,Texas Senate Bill 13 Violates First Amendment; Judge Rules,"A federal district judge has struck down a Texas state law that restricted government investments in companies accused of boycotting the oil and gas industry. The judge concluded that the law, known as Senate Bill 13, was unconstitutionally overbroad. The legislation was part of a broader push in several states to counter ESG (environmental, social, and governance) investing practices. Supporters of the law argue it protects the state's economy, while critics claim it violates free speech and free market principles."
S5-C-4,Center,Judge Blocks Texas Law Banning State Funds for Firms Boycotting Oil and Gas,"A federal judge has determined that a Texas law preventing the state from investing in financial firms that boycott fossil fuel companies is unconstitutional. The ruling by Judge Alan Albright found that the legislation infringed upon First and 14th Amendment rights. The law was intended to penalize firms utilizing ESG standards that exclude oil and gas investments. Texas officials maintain that the state has the right to direct its funds to support its primary industries and plan to appeal the decision."
S5-LR-1,Lean Right,Judge Blocks Texas Effort to Saveguard Oil Industry from ESG Mandates,"A federal judge has struck down a Texas law designed to protect the state's vital oil and gas industry from politicized investing. Senate Bill 13 was passed to prevent state funds from being managed by financial firms that actively boycott fossil fuel companies. While the judge ruled the law was overly broad and violated the First Amendment, state officials plan to appeal. Supporters of the legislation argue it is necessary to ensure investment firms prioritize fiduciary duty over environmental, social, and governance (ESG) agendas."
S5-LR-2,Lean Right,Texas Anti-ESG Law Struck Down by Federal Judge Pending Appeal,"A 2021 Texas law aimed at preventing state investments from flowing into financial firms that boycott the fossil fuel industry has been ruled unconstitutional by a federal judge. The court found that the law, which targets firms pushing anti-fossil fuel agendas, violated the First and 14th Amendments. Texas officials argue the state has a fundamental right to ensure its money is not used by investment firms to undermine the Texas economy and its critical energy sector, signaling a likely appeal."
S5-LR-3,Lean Right,Federal Court Halts Texas Law Combating Politicized Financial Boycotts,"A federal judge has declared a Texas law prohibiting state investment in firms that boycott oil and gas companies unconstitutional. The law was enacted to push back against the growing trend of ESG investing, which Texas lawmakers argue unfairly targets the state's energy industry. While the judge cited First Amendment concerns, proponents of the law maintain that state funds should not be managed by financial institutions that prioritize political or environmental goals over maximizing returns for taxpayers and supporting local businesses."
S5-LR-4,Lean Right,Texas Vows to Appeal After Judge Overturns Fossil Fuel Investment Law,"Texas officials are preparing to appeal after a federal judge struck down Senate Bill 13, a law that restricted the state from doing business with financial firms boycotting fossil fuels. The judge ruled the anti-ESG measure was unconstitutionally overbroad. However, supporters argue the law is a necessary safeguard to prevent investment firms from using Texans' own money to push political agendas that threaten the state's economy and penalize the reliable oil and gas companies that provide thousands of jobs."
S5-R-1,Right,Judge Strikes Down Texas Law Protecting State Funds from Woke ESG Agendas,"A federal judge has blocked a crucial Texas law that prevents woke Wall Street firms from using taxpayers' own money to push radical ESG agendas. Senate Bill 13 was designed to stop state investments from flowing to financial institutions that actively boycott the vital American oil and gas industry. Despite the ruling, Texas officials are vowing to appeal and fight back against the weaponization of the financial sector, arguing the state has a fundamental right to protect its economy from left-wing political crusades."
S5-R-2,Right,Federal Court Protects Radical ESG Firms Boycotting Texas Oil,"In a disappointing activist ruling, a federal judge has declared a Texas law that protects the state's oil and gas industry unconstitutional. The law rightfully barred state funds from being handed over to investment firms that aggressively boycott fossil fuels. While the judge cited the First Amendment, conservatives argue that financial firms have no constitutional right to manage state pensions while simultaneously trying to destroy the very industries that keep the Texas economy booming. The state is preparing to appeal the decision."
S5-R-3,Right,Activist Ruling Blocks Texas from Fighting Left-Wing Financial Blacklists,"A federal judge has struck down Texas's commonsense law aimed at stopping woke corporations from boycotting the fossil fuel industry. Senate Bill 13 correctly prevented state funds from enriching investment firms that prioritize radical environmental agendas over their fiduciary duty. This ruling is a setback in the fight against the left's weaponization of the financial system. However, Texas leaders remain committed to defending the state's energy sector and ensuring that taxpayer money isn't used to undermine American energy independence."
S5-R-4,Right,Texas Fights Back After Judge Overturns Law Defending Fossil Fuel Industry,"Texas is preparing to appeal after a federal judge ruled against a state law designed to combat the left's radical ESG movement. The legislation prevented state investments in financial companies that actively boycott reliable oil and gas producers. The judge claimed the law was unconstitutional, but supporters argue it is completely unacceptable for Wall Street firms to use Texans' money to push a political agenda that directly attacks the state's most important industry. Texas will continue to fight to protect its economy from corporate activism."
S6-L-1,Left,Trump Administration Rubber-Stamps Exceptionally Risky BP Drilling Project in Gulf,"Environmental groups have filed a lawsuit against the Trump administration for approving BP's $5 billion Kaskida ultra-deepwater drilling project. The lawsuit was intentionally filed on the 16th anniversary of the catastrophic Deepwater Horizon spill. Climate advocates argue the administration is demonstrating a reckless disregard for history by greenlighting an exceptionally risky well that operates at unprecedented depths and pressures. Critics condemn the White House for prioritizing the profits of corporate polluters over the severe threat of another devastating oil spill that could decimate Gulf Coast marine ecosystems."
S6-L-2,Left,Environmentalists Sue to Halt Trump's Catastrophic Deepwater Drilling Plan,"In a desperate bid to protect the Gulf of Mexico, environmental organizations are suing the Trump administration to stop BP's highly dangerous Kaskida drilling project. Timed to coincide with the anniversary of the deadly Deepwater Horizon explosion, the lawsuit highlights the extreme risks of drilling at ultra-deep depths. Advocates point out that a blowout at this site would be nearly impossible to contain, severely threatening endangered marine life. The lawsuit underscores the administration's pattern of putting the interests of massive oil conglomerates ahead of basic environmental safety."
S6-L-3,Left,Green Groups Fight Back as Trump Administration Rewards BP With Risky Gulf Leases,"Ignoring the tragic lessons of the past, the Trump administration has approved a massive new offshore oil project for BP. In response, environmental groups filed a lawsuit on the 16th anniversary of the Deepwater Horizon disaster to block the $5 billion Kaskida well. The lawsuit emphasizes that the ultra-deepwater project is operating at extreme, volatile pressures, creating a recipe for another environmental catastrophe. Climate watchdogs are lambasting the administration for enabling a corporate giant with a deadly track record to once again jeopardize the Gulf’s fragile ecosystems."
S6-L-4,Left,Ignoring History: White House Greenlights Massive New BP Drilling Operation,"Sixteen years after 134 million gallons of crude oil spewed into the Gulf of Mexico, the Trump administration is paving the way for BP to drill again in exceptionally risky conditions. Environmentalists have sued to block the Kaskida ultra-deepwater project, noting the extreme depth makes a blowout highly probable and incredibly dangerous. Critics are horrified that the government would grant approval to the very company responsible for the nation’s worst offshore spill, arguing that this blatant corporate handout threatens to trigger another catastrophic disaster in the Gulf."
S6-LL-1,Lean Left,Environmental Groups Sue Trump Administration Over BP's Deep-Water Drilling Approval,"Several environmental organizations filed a lawsuit Monday challenging the Trump administration’s approval of BP’s $5 billion Kaskida offshore oil project. The lawsuit, deliberately filed on the 16th anniversary of the Deepwater Horizon spill, raises serious concerns about the safety of ultra-deepwater drilling. Advocates argue that the extreme pressure and depth of the proposed well pose severe risks to the Gulf of Mexico's delicate marine ecosystems. Critics of the administration's energy policies warn that the approval process overlooked critical environmental reviews and ignored the potential for another massive oil spill."
S6-LL-2,Lean Left,Lawsuit Targets BP's Risky Gulf Oil Project on Deepwater Horizon Anniversary,"The Trump administration is facing legal action over its decision to allow BP to move forward with a massive ultra-deepwater drilling project in the Gulf of Mexico. Environmental groups filed the suit on the anniversary of the deadly Deepwater Horizon disaster, arguing that the new Kaskida project is exceptionally risky. The lawsuit claims that drilling at such unprecedented depths threatens endangered species and coastal communities. Opponents express deep concern that the administration is pushing for rapid fossil fuel expansion without adequate safeguards against potential ecological catastrophes."
S6-LL-3,Lean Left,Trump Administration Faces Legal Challenge Over $5 Billion Offshore Oil Plan,"A coalition of environmental groups has sued the federal government to block BP from beginning its Kaskida ultra-deepwater drilling project. Highlighting the 16th anniversary of the nation's worst offshore oil spill, the lawsuit argues that the Trump administration failed to properly assess the dangers of drilling in such extreme environments. Environmentalists claim the project carries an unusually high risk of a blowout, which would devastate the Gulf Coast. The legal challenge underscores ongoing tensions between the administration's push for increased oil production and concerns over marine conservation."
S6-LL-4,Lean Left,Advocacy Groups Sue to Block BP's Ultra-Deepwater Drilling in the Gulf,"Environmental advocates have launched a legal challenge against the Trump administration's approval of a controversial BP drilling project in the Gulf of Mexico. The lawsuit coincides with the 16th anniversary of the Deepwater Horizon spill, emphasizing the historical risks associated with offshore drilling. Groups argue that the $5 billion Kaskida project operates at dangerous depths and pressures, putting the region's ecosystems in jeopardy. The suit contends that the government is ignoring necessary environmental protections to fast-track fossil fuel extraction, raising alarms about the potential for future oil spills."
S6-C-1,Center,Environmental Groups Sue Trump Administration Over BP Deepwater Drilling Project,"Environmental groups filed a lawsuit against the Trump administration on Monday to block BP's $5 billion Kaskida oil drilling project in the Gulf of Mexico. The lawsuit was filed on the 16th anniversary of the Deepwater Horizon oil spill. The organizations argue that the ultra-deepwater project poses significant risks to marine ecosystems and that the probability of losing control of the well is higher than standard operations. BP and the administration maintain that the project is safe and necessary for domestic energy production."
S6-C-2,Center,Lawsuit Challenges Federal Approval of BP's Kaskida Oil Field in Gulf of Mexico,"A coalition of environmental organizations is suing the federal government over its approval of a new ultra-deepwater drilling project by BP. The lawsuit, filed on the anniversary of the Deepwater Horizon spill, targets the Kaskida project in the Gulf of Mexico. Environmentalists allege the $5 billion project is exceptionally risky due to extreme depths and pressures, threatening endangered species. The Trump administration, which approved the project last month, asserts that the drilling will be conducted safely and is a key part of the nation's energy strategy."
S6-C-3,Center,Green Groups File Suit to Halt BP's $5 Billion Offshore Oil Project,"The Trump administration is facing a lawsuit from environmental groups seeking to stop BP from proceeding with an ultra-deepwater drilling initiative in the Gulf of Mexico. The legal complaint against the Kaskida project was filed exactly 16 years after the Deepwater Horizon explosion. The plaintiffs argue that the extreme conditions of the deep-water well significantly increase the risk of an oil spill. The administration recently approved the $5 billion project, citing its potential to boost domestic oil supplies and support the U.S. economy."
S6-C-4,Center,Trump Administration Sued Over Approval of Ultra-Deepwater Gulf Drilling,"Environmental groups have sued the Trump administration to block the start of drilling on BP's Kaskida project in the Gulf of Mexico. The groups filed the suit on the 16th anniversary of the Deepwater Horizon oil spill, arguing that the new ultra-deepwater field presents severe environmental risks. The lawsuit claims that a loss of well control at such extreme depths could be disastrous for the region's ecosystems. The federal government recently greenlit the $5 billion project as part of its ongoing efforts to expand offshore energy exploration."
S6-LR-1,Lean Right,Environmental Groups Sue to Block BP's $5 Billion Gulf Energy Investment,"The Trump administration is facing a predictable lawsuit from environmental groups attempting to halt BP's ambitious $5 billion Kaskida project in the Gulf of Mexico. The ultra-deepwater drilling project is expected to be a major boost to domestic energy production. However, activist groups filed suit on the anniversary of the Deepwater Horizon spill, arguing the project is too risky. Proponents of the administration's energy policies emphasize that drilling technology has advanced significantly over the past 16 years, and that such investments are crucial for maintaining American energy independence and economic growth."
S6-LR-2,Lean Right,Trump Administration's Approval of Ambitious Gulf Oil Project Faces Legal Challenge,"A routine legal challenge from environmental activists is seeking to block a major domestic energy project recently approved by the Trump administration. The lawsuit targets BP's $5 billion Kaskida ultra-deepwater oil field in the Gulf of Mexico. Using the anniversary of the Deepwater Horizon incident to draw attention to their suit, the groups claim the new drilling presents unacceptable environmental risks. Supporters of the project counter that stringent safety measures are in place and that the ongoing litigation is an unnecessary hurdle that threatens vital American jobs and energy infrastructure."
S6-LR-3,Lean Right,Lawsuit Seeks to Halt Major Deepwater Energy Project in Gulf of Mexico,"Environmental organizations have filed a lawsuit against the Trump administration in an attempt to stop a significant offshore oil investment. The groups are targeting BP's $5 billion Kaskida drilling project, arguing that the ultra-deepwater well is environmentally hazardous. The timing of the lawsuit coincides with the 16th anniversary of the Deepwater Horizon spill. The administration and energy advocates maintain that the project is essential for bolstering the nation's domestic oil supply and reducing reliance on foreign energy sources, stressing that modern drilling operations adhere to rigorous safety protocols."
S6-LR-4,Lean Right,Activist Groups Sue Trump Administration to Stop BP's New Offshore Operations,"In an effort to slow domestic fossil fuel production, environmental groups are suing to block the Trump administration's approval of BP's Kaskida project. The $5 billion ultra-deepwater drilling operation in the Gulf of Mexico is poised to create jobs and strengthen U.S. energy resources. Activists filed the lawsuit on the anniversary of the Deepwater Horizon spill, claiming the new well poses severe environmental risks. Industry experts note that blocking such large-scale investments through litigation only harms the American economy and hinders technological advancements in safe offshore energy exploration."
S6-R-1,Right,Radical Environmentalists Sue to Block Trump-Approved $5 Billion Gulf Energy Project,"Radical environmental groups are weaponizing the courts to stop a massive $5 billion investment in American energy. The activists sued the Trump administration Monday in an attempt to kill BP’s newly approved Kaskida ultra-deepwater drilling project in the Gulf of Mexico. Using the 16-year-old Deepwater Horizon spill as an excuse, these left-wing groups are trying to permanently cripple the domestic oil industry. The Trump administration's push for energy dominance relies on ambitious projects like Kaskida, which will create thousands of jobs and ensure America remains unreliant on foreign oil despite the left's constant obstructionism."
S6-R-2,Right,Left-Wing Activists Weaponize Courts to Halt Massive BP Oil Investment,"In their latest attack on American energy independence, environmental activists have filed a frivolous lawsuit against the Trump administration to stop BP's $5 billion Gulf of Mexico drilling project. The groups timed their lawsuit with the Deepwater Horizon anniversary to stir up anti-oil sentiment. By trying to block the ultra-deepwater Kaskida project, these radical NGOs are actively working to kill American jobs and restrict the domestic energy supply. The Trump administration correctly approved this vital project to strengthen the U.S. economy, proving once again that conservatives must constantly fight left-wing legal harassment."
S6-R-3,Right,Trump Administration's Push for Energy Dominance Stalled by Environmental Lawsuit,"The Trump administration's successful effort to unleash American energy is facing another roadblock from obstructionist environmental groups. Activists sued the federal government Monday to halt BP's Kaskida project, a $5 billion deepwater well in the Gulf of Mexico. The left is desperately using a 16-year-old oil spill to justify their radical anti-fossil fuel agenda. This lawsuit is nothing more than a coordinated attempt to sabotage domestic oil production, destroy energy sector jobs, and weaken the United States on the global stage by tying up critical infrastructure projects in endless bureaucratic red tape."
S6-R-4,Right,Activist Groups Sue to Kill Major Offshore Drilling Project and Kill Energy Jobs,"Anti-energy extremists have filed a lawsuit against the Trump administration to block a crucial $5 billion oil drilling project in the Gulf of Mexico. The groups are targeting BP's Kaskida project, falsely claiming that modern ultra-deepwater drilling is an unacceptable risk. The left routinely uses these obstructionist tactics to wage war on the American fossil fuel industry. The Trump administration approved this massive investment to ensure affordable energy and robust job growth. This latest lawsuit proves that radical environmentalists care more about their green agenda than the economic prosperity of the American people."
S7-L-1,Left,Trump Administration Revokes Foundational Climate Science Finding,"The Trump administration has officially rescinded the 2009 endangerment finding, a critical document that established greenhouse gases as a threat to public health. Environmental advocates view this sweeping rollback as a direct assault on the nation's climate policy. By eliminating the scientific baseline required to regulate emissions under the Clean Air Act, the administration effectively halts federal efforts to curb pollution. Critics warn that ignoring established climate science to favor the fossil fuel industry will exacerbate rising global temperatures, leading to severe public health consequences, more extreme weather events, and lasting environmental damage."
S7-L-2,Left,EPA Drops Public Health Protections in Major Climate Rollback,"In a move widely condemned by environmental and health experts, the EPA has finalized the repeal of the 2009 endangerment finding. This decision strips the government of its primary legal authority to limit greenhouse gas emissions from vehicles and power plants. Researchers emphasize that the science remains clear: rising global temperatures directly increase health risks, including heat-related illnesses and respiratory issues. Despite these warnings, the administration is prioritizing a massive deregulatory agenda, dismantling years of environmental progress and leaving vulnerable communities disproportionately exposed to the impacts of unchecked industrial pollution and climate change."
S7-L-3,Left,White House Abandons Scientific Consensus on Climate Change,"Reversing a cornerstone of U.S. environmental policy, the Trump administration announced its repeal of the determination that greenhouse gases endanger human welfare. This rollback removes the legal framework necessary for federal climate action. Environmental groups emphasize that this decision outright ignores robust scientific evidence regarding the climate crisis. The administration argues the move will save $1.3 trillion, but scientists stress that the long-term costs of inaction—ranging from threatened infrastructure to severe public health crises—will be far higher. This regulatory shift essentially abandons the federal government's responsibility to protect the public from climate impacts."
S7-L-4,Left,Sweeping EPA Reversal Threatens Future of US Climate Action,"The Trump administration has taken its most significant step to dismantle federal climate policy by revoking the foundational 2009 endangerment finding. This crucial document provided the legal justification for regulating greenhouse gases to protect public health. By discarding this scientific consensus, the White House is clearing the path for relaxed vehicle emission standards and increased fossil fuel reliance. Climate advocates and scientists are raising alarms, noting that ignoring the tangible harms of a warming planet will accelerate environmental degradation. The repeal guarantees an increase in harmful emissions, undermining global and domestic efforts to combat the climate crisis."
S7-LL-1,Lean Left,Trump's Repeal of Climate Finding Stalls Clean Energy Transition,"The EPA's decision to revoke the 2009 endangerment finding removes the core scientific justification for regulating greenhouse gases, dealing a significant blow to U.S. climate goals. This rollback not only dismisses the scientific consensus that carbon emissions harm human health but also disrupts the automotive industry's transition toward electric vehicles. Tailpipe standards meant to accelerate clean energy adoption are now in jeopardy. Environmental advocates caution that prioritizing broad deregulation over science-based policy will have serious long-term consequences, increasing public vulnerability to worsening air quality and the growing risks associated with a changing climate."
S7-LL-2,Lean Left,EPA Abandons Key Greenhouse Gas Ruling Amid Health Concerns,"In a major shift in federal environmental policy, the EPA has formally withdrawn the legal determination that greenhouse gases endanger public welfare. While the Trump administration argues this repeal will save industries billions, researchers warn that disregarding established climate science invites serious public health risks. By eliminating the authority to enforce strict vehicle emission standards, the move threatens to increase pollution levels. The decision has drawn criticism from health professionals and environmental groups, who argue that sacrificing necessary climate protections for short-term economic gains is a dangerous step backward for the country's environmental future."
S7-LL-3,Lean Left,White House Rolls Back Bedrock Climate Rules in Push for Deregulation,"The Trump administration is dismantling a critical pillar of U.S. environmental policy by overturning the 2009 risk assessment regarding greenhouse gases. Officials claim the repeal will remove unnecessary burdens and benefit the economy. However, scientists and environmental policy experts are concerned about the real-world impact of removing these safeguards. Rescinding this foundational policy brings uncertainty to energy markets and effectively pauses federal efforts to reduce climate pollution. Critics argue that ignoring the health impacts of global warming in the name of deregulation will ultimately result in higher public health costs and environmental damage."
S7-LL-4,Lean Left,Climate Protections Weakened as EPA Rejects 2009 Findings,"The EPA has officially revoked the scientific finding that serves as the legal backbone for U.S. climate regulations. Administration officials have justified the move by questioning the severity of climate change, using this stance to implement unprecedented environmental rollbacks. While the White House emphasizes massive cost savings and reduced red tape for automakers, the decision fundamentally removes vital pollution limits. This departure from science-based policymaking undermines years of environmental initiatives, raising concerns among experts that the health and economic risks associated with a warming planet will go unaddressed at the federal level."
S7-C-1,Center,EPA Rescinds 2009 Endangerment Finding; Setting Up Legal Challenges,"The Environmental Protection Agency is finalizing a rule to rescind the 2009 endangerment finding, a policy that identified greenhouse gases as threats to public health and provided the legal basis for their regulation. The Trump administration states this deregulatory action will save $1.3 trillion in regulatory costs. However, legal analysts note the decision is highly vulnerable to immediate court challenges from environmental organizations. The repeal specifically removes the EPA's authority under the Clean Air Act to set motor vehicle emissions standards, initiating a legal battle that is widely expected to reach the Supreme Court."
S7-C-2,Center,Trump Administration Reverses Legal Basis for Emissions Regulations,"President Trump has formally revoked a foundational 2009 scientific finding regarding greenhouse gas emissions, citing a priority for broad economic deregulation. The policy had served as the central justification for U.S. actions to combat climate change, including vehicle emission limits. While the administration projects cost savings of $2,400 per vehicle due to relaxed standards, environmental groups strongly oppose the move, citing the health risks of increased air pollution. The policy shift brings regulatory changes to the auto industry and is expected to prompt several states to attempt drafting their own independent emission rules."
S7-C-3,Center,White House Announces Major Deregulatory Move on Climate Policies,"In what it describes as a historic deregulatory action, the Trump administration has officially rolled back the primary scientific mechanism used to enforce climate change regulations. By invalidating the 2009 endangerment finding, the federal government removes the designation of greenhouse gases as a danger to human health. This decision effectively eliminates federal pollution mandates for the automotive industry. The move has drawn sharp criticism from environmental organizations and Democratic leaders. Concurrently, government reports note that rising sea levels threaten billions in real estate, highlighting the ongoing national debate over the economic impacts of climate regulation."
S7-C-4,Center,Elimination of Key Climate Metric Sparks Supreme Court Debate,"The EPA’s decision to roll back the 2009 endangerment finding dismantles the existing legal framework for U.S. greenhouse gas regulations. EPA Administrator Lee Zeldin announced the repeal, emphasizing the goal of reducing vehicle manufacturing costs and regulatory burdens. Conversely, scientists and environmentalists argue that abandoning the public health designation of greenhouse gases leaves environmental protections vulnerable. Because the original 2009 finding was the result of a previous Supreme Court decision, legal experts anticipate that the inevitable lawsuits filed by environmental groups against this repeal will ultimately need to be resolved by the high court."
S7-LR-1,Lean Right,Trump Rolls Back Obama-Era Climate Rule to Lower Consumer Costs,"The Trump administration has taken a significant step toward economic deregulation by rescinding the 2009 endangerment finding, an Obama-era policy that mandated strict greenhouse gas emissions. The EPA states that this repeal will remove massive regulatory burdens from the auto industry, leading to substantial consumer savings estimated at $2,400 per vehicle. While the administration focuses on boosting the manufacturing sector and providing more affordable cars for Americans, environmental groups are preparing legal challenges. The rollback targets policies that critics argue were economically restrictive, though it leaves regulations on stationary power plants unchanged for now."
S7-LR-2,Lean Right,EPA Ends 2009 Endangerment Finding in Push for Economic Growth,"In a major victory for deregulation, the Trump administration is officially dismantling the legal basis that justified sweeping climate mandates over the past decade. By revoking the 2009 risk assessment, the government aims to eliminate over $1.3 trillion in regulatory costs that have impacted American industries. The move is designed to encourage domestic energy production and drive down consumer prices. The decision has faced predictable opposition from climate activists who support strict federal oversight. The administration maintains that this rollback is a necessary step to free the economy from restrictive and costly environmental policies."
S7-LR-3,Lean Right,White House Targets Sweeping Climate Mandates for Elimination,"President Trump has officially terminated the Obama-era climate policy known as the endangerment finding, lifting stringent greenhouse gas regulations that have impacted the auto industry. The administration describes the 2009 rule as a regulatory overreach that drove up manufacturing costs across the country. By eliminating these federal guidelines, the White House expects car prices to decrease significantly. While environmental advocates argue the repeal poses a threat to public health and are preparing for legal battles, proponents view the action as a necessary course correction to protect American economic interests from heavy-handed government intervention."
S7-LR-4,Lean Right,Administration Trims Trillions in Climate Red Tape Ahead of Legal Battles,"Fulfilling a promise to reduce bureaucratic overreach, the Trump administration has revoked the scientific finding that served as the bedrock for numerous U.S. climate rules. EPA officials emphasize that the action will halt economically burdensome regulations, particularly those affecting the manufacturing of motor vehicles. Critics have voiced strong disapproval, and lawsuits are expected to cause some initial regulatory uncertainty in the courts. Nevertheless, the administration stands firm that this deregulatory action is vital for removing unnecessary hurdles for the American economy and delivering tangible financial relief directly to consumers."
S7-R-1,Right,Historic Deregulation: Trump Lifts Costly Climate Burdens on Economy,"In a major deregulatory action, the Trump administration has officially rescinded the 2009 Obama-era endangerment finding. This move frees the United States from sweeping policies that used climate models to justify heavy economic regulations. By removing the primary legal basis for strict vehicle emissions standards, President Trump's policy aims to save Americans over $1.3 trillion overall and roughly $2,400 per vehicle. This action prioritizes American energy independence and economic prosperity over the stringent regulatory agenda favored by environmental activists, providing significant relief to the manufacturing sector and everyday consumers."
S7-R-2,Right,EPA Reverses Obama-Era Climate Ruling in Major Win for Auto Industry,"The EPA has successfully dismantled the legal foundation of restrictive climate mandates by revoking the 2009 endangerment finding. For over a decade, this regulation served as a mechanism to impose broad controls on American industries. By recognizing the economic toll of this policy, the Trump administration is ending a massive drain on the economy. While predictable pushback is coming from environmental groups intent on preserving federal regulations, this victory ensures that the American automotive market will operate with fewer bureaucratic mandates, allowing for greater innovation and lower costs for buyers."
S7-R-3,Right,Administration Slashes Trillions in Regulatory Costs by Revoking 2009 Rule,"President Trump has taken an aggressive and necessary move to roll back burdensome U.S. climate policy. By officially discarding the 2009 risk assessment regarding greenhouse gases, the White House is shifting the focus back to economic growth. The repeal directly targets the regulations that have artificially inflated vehicle costs for hardworking families. Promising to eliminate more than a trillion dollars in bureaucratic red tape, this decisive action proves the administration’s commitment to unleashing American industry and ending the era of heavy-handed government micromanagement that has hindered free enterprise."
S7-R-4,Right,Trump Unshackles Economy from Sweeping Greenhouse Gas Mandates,"In a massive win for American consumers and manufacturers, the Trump administration has terminated the 2009 endangerment finding. This crucial deregulation strips the federal government of the authority used to mandate extreme emissions standards on motor vehicles. By ending these stringent rules, the President is delivering on his promise to lower car prices and revitalize the auto industry. Though environmental activists will attempt to block this progress in the courts, this historic rollback represents a significant victory for the free market, ensuring America's economic engine can operate without the drag of excessive climate regulations."
S8-L-1,Left,US Threatens to Sabotage International Climate Cooperation to Appease Oil Lobby,"The Trump administration has escalated its reckless attack on global climate action, threatening to withdraw the United States from the International Energy Agency. Energy Secretary Chris Wright issued a blatant ultimatum, demanding the agency abandon its critical work on the net-zero transition. Environmental advocates view the move as a dangerous extortion tactic designed to appease fossil fuel executives and undermine international climate consensus. By disparaging European climate efforts as a ""cult,"" the administration is isolating the U.S. and actively sabotaging global efforts to transition to clean energy during an escalating climate crisis."
S8-L-2,Left,Trump Administration Attempts to Extort Global Energy Watchdog Over Climate Science,"In a stark display of climate denialism, the US has threatened to quit the International Energy Agency unless the organization drops its focus on the green transition. Energy Secretary Chris Wright essentially gave the respected international body a one-year deadline to abandon its net-zero goals. Critics argue the administration is weaponizing its membership to force an international organization to ignore scientific reality. By labeling European environmental progress as a ""climate cult,"" the US is signaling a disastrous retreat from global climate responsibility to protect the financial interests of the fossil fuel industry."
S8-L-3,Left,Fossil Fuel Cronies Threaten IEA Withdrawal in Reckless Climate Denial Push,"The Trump administration is attempting to severely weaken global environmental standards by threatening to pull out of the International Energy Agency. Energy Secretary Chris Wright, echoing the talking points of the oil lobby, demanded the IEA stop acting as a climate advocacy organization and abandon its net-zero agenda. Climate watchdogs are horrified by the ultimatum, noting that the administration is actively attempting to defund and derail an agency that plays a crucial role in the green transition. The move is widely seen as a destructive effort to prioritize corporate polluters over planetary survival."
S8-L-4,Left,Washington Weaponizes Energy Agency Membership to Halt the Global Green Transition,"Demonstrating a blatant disregard for the worsening climate crisis, the US is threatening to abandon the International Energy Agency if it refuses to drop its pro-renewable agenda. Energy Secretary Chris Wright criticized European efforts to decarbonize as a ""climate cult,"" issuing an ultimatum for the IEA to return to pro-fossil fuel forecasting. Environmentalists condemn the threat as a reckless diplomatic maneuver meant to stall the global transition away from dirty energy. The administration's actions threaten to fracture international cooperation at a time when collective action on climate change is most urgently needed."
S8-LL-1,Lean Left,US Isolates Allies With Ultimatum to Defund International Energy Agency,"Escalating tensions with global allies, the Trump administration has renewed threats to pull the United States out of the International Energy Agency if it does not abandon its focus on climate change. Energy Secretary Chris Wright demanded the watchdog drop its net-zero agenda, issuing a one-year ultimatum. Wright also sparked diplomatic friction by criticizing European environmental efforts as a ""climate cult."" Policy experts warn that the administration's ideological push to force the IEA to ignore the scientific consensus on climate change risks isolating the U.S. and severely disrupting international cooperation on the ongoing green transition."
S8-LL-2,Lean Left,Trump Administration Demands International Energy Agency Abandons Net-Zero Goals,"The US is stepping up pressure on the International Energy Agency, threatening to exit the organization unless it shifts its focus away from green energy initiatives. Energy Secretary Chris Wright gave the IEA a year to drop its net-zero agenda, arguing the agency should stick to its founding mission. The ultimatum, coupled with Wright's disparaging remarks about Europe's ""climate cult,"" has alarmed international partners and environmental advocates. Critics worry that the administration is prioritizing a pro-fossil fuel ideology over the necessary, data-driven climate analysis that the IEA has been providing to guide the global energy transition."
S8-LL-3,Lean Left,White House Renews Threat to Quit IEA Over Climate Change Advocacy,"The Trump administration has warned it will consider withdrawing from the International Energy Agency, arguing that the organization has become too focused on climate change. US Energy Secretary Chris Wright stated that the IEA must scale back its climate advocacy and drop the net-zero agenda. The threat comes amid heightened tensions over global environmental policy, with Wright controversially accusing Europe of adopting a ""climate cult"" that harms its economy. The diplomatic standoff threatens to undermine the collaborative international effort required to successfully manage the shift toward renewable energy sources and mitigate global warming."
S8-LL-4,Lean Left,Energy Secretary Pushes Ideological Attack on Europe’s Climate Initiatives,"In a move that threatens to disrupt global energy coordination, the US has renewed its threat to leave the International Energy Agency unless the body ceases its focus on the green transition. During meetings in Paris, Energy Secretary Chris Wright demanded the IEA abandon its net-zero goals, while simultaneously criticizing European climate policies as an economic detriment. The aggressive stance has drawn concern from international leaders who view the IEA's focus on decarbonization as essential. Observers fear the administration is trying to bully a respected international institution into adopting a regressive, fossil fuel-centric agenda."
S8-C-1,Center,US Renews Threat to Leave International Energy Agency Over Net-Zero Agenda,"The United States has renewed its threat to withdraw from the International Energy Agency (IEA), issuing an ultimatum for the organization to abandon its focus on net-zero emissions. During meetings in Paris, U.S. Energy Secretary Chris Wright stated the administration gives the 52-year-old agency one year to refocus on its founding mission of energy security and data analysis, rather than climate advocacy. Wright also commented on European energy policy, suggesting that a strong focus on climate initiatives has negatively impacted their economy. The standoff highlights a significant divergence between U.S. energy priorities and the IEA's current trajectory."
S8-C-2,Center,Energy Secretary Wright Issues Ultimatum to IEA on Climate Focus,"U.S. Energy Secretary Chris Wright urged the International Energy Agency to drop its net-zero agenda, warning that the United States could exit the organization within a year if it does not comply. Wright argued that the IEA should return to its original mandate of monitoring global energy supplies and security rather than promoting green energy transitions. Additionally, Wright criticized Europe's approach to combating climate change, referring to it as a ""climate cult"" that has weighed on the European economy. The statements reflect ongoing tension between the Trump administration and international bodies regarding climate policy."
S8-C-3,Center,US Warns It Will Withdraw from IEA Unless Agency Refocuses on Energy Security,"The Trump administration has stepped up pressure on the International Energy Agency, threatening to pull out if the organization does not shift its focus away from climate change advocacy. U.S. Energy Secretary Chris Wright stated that the U.S. is not satisfied with the IEA's current direction, which heavily features a net-zero agenda. Wright emphasized that the agency must return to forecasting energy demand and addressing critical energy security issues. The threat comes as the U.S. also openly criticized European energy policies, claiming that prioritizing environmental goals has resulted in economic weakening across the continent."
S8-C-4,Center,Diplomatic Standoff Ensues as US Criticizes Europe's Energy Policy,"During an IEA ministerial meeting in Paris, the United States threatened to quit the International Energy Agency if it continues to focus strongly on the green transition. Energy Secretary Chris Wright warned that Washington would push for the organization to abandon its net-zero agenda over the next year. Wright further stated that a ""climate cult"" has negatively impacted Europe's economy and energy output. The comments underscore the U.S. administration's dissatisfaction with international climate initiatives and its desire for the IEA to act strictly as a data recording and energy security agency."
S8-LR-1,Lean Right,US Demands International Energy Agency Return to Core Mission of Energy Security,"The Trump administration is increasing pressure on the International Energy Agency to return to its core mandate of energy security and data forecasting. Energy Secretary Chris Wright warned that the U.S. will withdraw from the organization if it continues to prioritize politicized climate advocacy over practical energy solutions. Wright gave the IEA a one-year deadline to drop its net-zero agenda. Additionally, Wright cautioned European allies about the economic pitfalls of overly restrictive energy policies, noting that prioritizing environmental goals over energy reliability has weakened their economies and driven up costs for consumers."
S8-LR-2,Lean Right,Administration Pushes IEA to Drop Politicized Climate Advocacy,"U.S. Energy Secretary Chris Wright has issued a firm warning to the International Energy Agency: return to objective energy forecasting or risk losing U.S. membership. The administration argues that the IEA has strayed from its founding purpose by heavily promoting a net-zero climate agenda. Wright emphasized that the agency needs to focus on critical energy issues and supply security rather than acting as a green energy advocacy group. Pointing to Europe's current economic struggles as a cautionary tale, Wright stated that a ""climate cult"" mentality has led to severe self-sabotage in the European energy sector."
S8-LR-3,Lean Right,Energy Secretary Warns Europe Against Economic Damage from Climate Policies,"The United States is threatening to pull out of the International Energy Agency if the organization does not abandon its unrealistic net-zero agenda. Energy Secretary Chris Wright utilized a meeting in Paris to demand the agency drop its green energy focus and return to neutral data analysis. Wright also delivered a stark message regarding Europe's energy policy, stating that their fixation on climate change—which he described as a ""climate cult""—has choked economic growth and jeopardized prosperity. The U.S. maintains that a secure, reliable energy supply must take precedence over restrictive environmental targets."
S8-LR-4,Lean Right,US Threatens IEA Withdrawal If Agency Does Not Reform Net-Zero Agenda,"Renewing threats to exit the International Energy Agency, the U.S. has given the global watchdog one year to drop its net-zero focus. Energy Secretary Chris Wright made it clear that the U.S. expects the IEA to stop prioritizing the green transition and instead focus on the realistic energy demands and security of its member nations. Wright criticized the agency's ideological shift and warned that the European approach to energy—driven by a ""climate cult""—has caused significant economic weakening. The administration is demanding practical reforms to ensure the agency serves its original, data-driven purpose."
S8-R-1,Right,Trump Admin Fights Globalist 'Climate Cult' at International Energy Agency,"In a bold stand against globalist climate extremism, the Trump administration threatened to withdraw the U.S. from the International Energy Agency. Energy Secretary Chris Wright delivered a much-needed reality check in Paris, giving the agency one year to abandon its radical ""net-zero"" agenda and left-wing fantasies. Wright rightfully pointed out that the agency has been captured by green ideologues who prioritize climate advocacy over actual energy security. Blasting the ""climate cult"" that is currently destroying the European economy with skyrocketing prices, Wright made it clear that America will no longer fund international organizations that actively sabotage the fossil fuel industry."
S8-R-2,Right,US Threatens to Quit Woke Energy Watchdog Over Radical Green Agenda,"The United States has issued a firm ultimatum to the International Energy Agency: drop the woke climate advocacy or we walk. Energy Secretary Chris Wright warned that the U.S. will pull its support if the IEA doesn't return to its actual job of tracking energy data instead of pushing a destructive green transition. Wright correctly identified that Europe's disastrous ""climate cult"" has severely weakened its economy and made it reliant on foreign adversaries. The Trump administration is taking a crucial step to protect American energy independence from international bureaucrats pushing a radical, anti-fossil fuel agenda."
S8-R-3,Right,Energy Secretary Slams Europe's 'Left-Wing Fantasies' Destroying Their Economy,"Fighting back against the global climate agenda, Energy Secretary Chris Wright threatened to pull the U.S. out of the International Energy Agency if it doesn't abandon its net-zero crusade. Speaking in Paris, Wright delivered a harsh truth to European leaders, stating that their ""climate cult"" and left-wing fantasies have completely self-sabotaged their economy. The IEA has strayed far from its original mission, acting instead as a megaphone for green energy extremists. The Trump administration is right to demand the agency refocus on actual energy security rather than forcing crippling climate regulations on the world."
S8-R-4,Right,Trump Administration Demands End to Climate Extremism in Global Energy Policy,"The Trump administration is taking decisive action to stop international organizations from dictating American energy policy. Energy Secretary Chris Wright has threatened to withdraw the U.S. from the International Energy Agency unless it drops its radical ""net zero"" focus within a year. Wright slammed the European ""climate cult"" that has driven up electricity prices and destroyed prosperity across the continent. By standing up to the green ideologues who have captured the IEA, the U.S. is ensuring that reliable, affordable fossil fuels remain the priority, rather than sacrificing our economy for unattainable climate goals."