id,leaning,headline,additional_text
S1-FL-1,Far Left,"Corporate Coup: Trump Guts Environmental Agency to Benefit Billionaire Polluters","In a direct assault on the survival of the planet, the Trump administration has officially revoked the EPA's legal mandate to protect the public from catastrophic greenhouse gas emissions. This decision, orchestrated by former fossil fuel lobbyists now running the government, effectively prioritizes the short-term profits of oil and gas conglomerates over the very existence of future generations. By stripping away the scientific basis for regulation, the regime has signaled that it views the global climate crisis as a business opportunity rather than an existential threat. Activists are calling for immediate civil disobedience to stop this capitalist-driven destruction of our common home."
S1-FL-2,Far Left,"Capitalist Death Warrant: EPA Revokes Legal Rights to a Livable Future","The recent repeal of the Endangerment Finding represents the ultimate victory for extractive capital over human rights and environmental justice. By declaring that carbon dioxide is no longer a threat to public health, the administration is gaslighting the global community while the planet burns. This move effectively legalizes the poisoning of marginalized communities who bear the brunt of industrial pollution. We are witnessing the final stage of climate denialism, where the state functions solely as a shield for the fossil fuel industry, dismantling the few remaining safeguards that stood between the people and a total ecological collapse driven by greed."
S1-L-1,Left,"Trump Administration Abandons Science to Dismantle Crucial Federal Climate Protections","The Trump administration's decision to rescind the EPA’s 2009 Endangerment Finding marks a devastating retreat from science-based policy. By removing the legal requirement to regulate greenhouse gases, the government is abdicating its responsibility to mitigate the worst effects of global warming. Public health experts warn that this rollback will lead to increased respiratory illnesses and more frequent extreme weather events. This action serves as a massive gift to the fossil fuel industry at the expense of the environment. Environmental groups have already pledged to fight this decision in court, arguing that the administration is ignoring overwhelming peer-reviewed scientific evidence."
S1-L-2,Left,"Environmental Groups Vow Legal Action After EPA Strips Emissions Safeguards","Following the formal repeal of the scientific finding that greenhouse gases endanger public health, the U.S. faces a future of unchecked industrial pollution. This move by the Trump administration dismantles the primary legal pillar used to enforce fuel efficiency and power plant standards. Critics argue that the decision is a politically motivated attempt to favor corporate interests over the health and safety of American families. As the administration moves to finalize the rule, a coalition of states and environmental advocates is preparing a massive legal challenge to protect the Clean Air Act and ensure that science remains the foundation of policy."
S1-LL-1,Lean Left,"EPA Policy Shift Removes Primary Legal Basis for U.S. Climate Regulations","The Trump administration has officially rescinded the 2009 Endangerment Finding, a move that significantly weakens the federal government's ability to regulate carbon emissions. This policy shift is expected to trigger a series of rollbacks for vehicle fuel economy standards and power plant limits that were established over the last decade. While the administration argues this will stimulate the economy, environmentalists worry it will reverse years of progress in reducing the nation's carbon footprint. The decision places the U.S. at odds with international climate goals and shifts the burden of environmental protection onto individual states and the judicial system."
S1-LL-2,Lean Left,"New EPA Rule Threatens Decade of Progress on Reducing National Emissions","By revoking the determination that greenhouse gases pose a threat to public health, the current administration is making its most aggressive move yet to halt climate action. The 2009 finding served as the bedrock for nearly all federal climate rules, and its removal creates significant legal uncertainty for the energy and automotive sectors. Supporters of the move cite the need for deregulation to lower consumer costs, but opponents point to the long-term economic and environmental risks of unmitigated warming. The repeal highlights a sharp divide in how the federal government perceives its role in managing the ongoing global environmental crisis."
S1-C-1,Center,"Trump Administration Formalizes Repeal of EPA 2009 Greenhouse Gas Finding","President Trump and EPA Administrator Lee Zeldin have finalized a rule to rescind the 2009 Endangerment Finding, which identified greenhouse gases as a threat to public health. The administration described the move as the largest deregulatory action in U.S. history, aimed at reducing the federal government's oversight of the energy and automotive industries. The 2009 finding had previously provided the legal justification for the EPA to regulate carbon dioxide under the Clean Air Act. This new directive will likely lead to significant changes in federal emissions standards and has already prompted varied reactions from industry leaders and environmental advocacy organizations."
S1-C-2,Center,"EPA Rescinds Landmark Finding on Greenhouse Gases Citing Regulatory Efficiency","The Environmental Protection Agency has officially withdrawn the scientific determination that carbon dioxide and other emissions endanger public welfare. This decision marks a fundamental shift in the government's approach to environmental law, moving away from federal mandates and toward a more deregulated market. Administration officials claim the move will save billions in regulatory costs, while scientific groups have expressed concern over the message it sends regarding climate change. The repeal is expected to face immediate challenges in the federal court system, as stakeholders debate the legal requirements for regulating air pollutants in the context of the 2026 economic landscape."
S1-LR-1,Lean Right,"Trump Administration Cuts Federal Red Tape by Repealing Obama-Era Climate Rule","The Trump administration is moving to lower energy and vehicle costs for American families by repealing the 2009 Endangerment Finding. Officials argue that the Obama-era policy was used to justify a vast array of expensive regulations that hampered the U.S. manufacturing sector without providing proportional environmental benefits. By removing this legal hurdle, the EPA intends to return more authority to Congress and ensure that environmental policy is balanced with economic reality. Proponents of the move believe it will foster a more competitive business environment and lower the cost of living for consumers who have been burdened by high energy prices."
S1-LR-2,Lean Right,"EPA Refocuses on Economic Growth with Repeal of Costly Emissions Mandates","The recent decision to rescind the 2009 finding that greenhouse gases are a public health threat represents a shift toward a more pragmatic environmental policy. The administration contends that the previous determination allowed unelected bureaucrats to exert too much control over the American economy through restrictive emissions caps. By moving past this finding, the EPA aims to promote domestic energy production and provide relief to the automotive industry. While critics raise environmental concerns, the administration maintains that a strong economy is the best tool for fostering innovation and that the repeal corrects a long-standing pattern of executive branch overreach."
S1-R-1,Right,"Trump Delivers Massive Win for Economy by Ending Radical Climate Overreach","In a historic move, the Trump administration has ended the era of 'regulation by litigation' by repealing the scientific finding that gave the EPA unchecked power over the economy. For years, the 2009 Endangerment Finding allowed radical environmentalists to bypass Congress and impose trillions of dollars in costs on American businesses and families. This repeal effectively halts the war on fossil fuels and ensures that the U.S. remains a global leader in energy production. By stripping the legal basis for these mandates, President Trump is fulfilling a campaign promise to protect American jobs from the damaging influence of globalist climate agendas."
S1-R-2,Right,"Common Sense Prevails as EPA Ends Obama's War on American Industry","The formal repeal of the 2009 Endangerment Finding marks the end of a decade of regulatory tyranny that targeted the backbone of the U.S. economy. The Trump administration has correctly identified that the previous administration used 'junk science' to justify an unprecedented expansion of federal power over the private sector. By removing this finding, the government is lowering the cost of cars, electricity, and manufacturing, providing a direct boost to the American middle class. This decisive action restores the proper role of the EPA and ensures that future environmental policies will be debated in Congress rather than dictated by agency activists."
S1-FR-1,Far Right,"Trump Crushes the Climate Hoax: EPA Ends Illegal War on Carbon Dioxide","President Trump has officially liberated the American economy from the shackles of the green energy grift by repealing the fraudulent Endangerment Finding. This historic move exposes the climate change narrative as a weapon used by radical leftists to destroy American sovereignty and control our lives. By declaring that carbon dioxide is not a poison, the administration has ended the illegal era of carbon taxes and hidden mandates that have drained the bank accounts of every American family. This is a total victory for common sense over the globalist cult that has been using fake science to deindustrialize the West."
S1-FR-2,Far Right,"EPA Purges Leftist Propaganda: The Era of Green Tyranny Is Finally Over","The Trump administration has delivered a fatal blow to the radical environmentalist agenda by rescinding the 2009 climate finding. For too long, the 'Endangerment Finding' served as a legal fiction used to implement a socialist takeover of the American energy sector under the guise of saving the planet. This repeal ends the reign of the deep state bureaucrats who sought to ban gas-powered cars and shut down our coal plants. We are finally returning to a period of true energy independence, where the needs of American workers come before the delusional fantasies of the radical green movement and their international handlers."
S2-FL-1,Far Left,"EPA Erasure of Science: The Regime's War on Environmental Truth Deepens","The Trump administration has reached a new level of authoritarianism by purging all mentions of human-caused climate change from the official EPA website. This act of blatant censorship is designed to blind the public to the catastrophic reality of fossil fuel extraction. By replacing scientific facts with industry-approved talking points about 'natural cycles,' the government is actively engineering a future of ignorance to protect corporate profits. This is not just a policy change; it is an assault on objective reality and a deliberate attempt to suppress the life-saving knowledge needed to stop the ongoing collapse of our global ecosystem for profit."
S2-FL-2,Far Left,"Ministry of Denial: Trump Purges Fossil Fuel Realities from Government Sites","In a move that mirrors the most oppressive regimes in history, the EPA has deleted every reference to the role of fossil fuels in driving the current climate emergency. This ideological cleansing of public information ensures that the next generation remains unaware of how corporate greed is systematically destroying the Earth. By scrubbing mentions of carbon pollution, the Trump administration is functioning as a PR firm for oil billionaires, effectively silencing the scientific community within the halls of government. We must resist this attempt to rewrite history and demand that public institutions serve the people, not the polluters."
S2-L-1,Left,"Trump's EPA Quietly Scrubs Human-Caused Climate Change Facts from Public Webpages","The Environmental Protection Agency has undergone a major digital overhaul, removing critical information about how human activity and fossil fuels are the primary drivers of global warming. Scientists and advocacy groups are raising the alarm, noting that the website now emphasizes natural fluctuations over industrial impact. This shift in messaging is seen as a direct effort to downplay the urgency of the climate crisis and undermine public support for environmental regulations. By altering the available data, the administration is effectively sidelining decades of peer-reviewed research and prioritizing a political narrative that favors the fossil fuel industry over established climate science."
S2-L-2,Left,"Scientists Condemn EPA’s Removal of Fossil Fuel Links to Global Warming","Environmental researchers are calling out the Trump administration for its recent decision to erase mentions of human influence from the EPA’s 'Causes of Climate Change' page. The update, which focuses almost exclusively on natural processes, is being criticized as a dangerous form of misinformation that contradicts the consensus of the world's leading scientific institutions. Experts argue that removing this context makes it harder for the public to understand the direct link between carbon emissions and the increasing frequency of climate-driven disasters. This digital purge is widely viewed as a precursor to even more aggressive rollbacks of essential environmental protection policies."
S2-LL-1,Lean Left,"EPA Website Update Focuses on Natural Climate Factors Over Human Activity","The EPA has recently updated its online resources to place a greater emphasis on natural climate variability while removing several references to the impact of human-generated greenhouse gases. While the agency maintains that the site still provides relevant information, critics argue that the omissions create a misleading picture of the current state of climate science. This change reflects the broader priorities of the current administration, which has consistently sought to reduce the focus on fossil fuels as a target for regulation. The move has sparked concern among educators and local officials who rely on government data to inform environmental policy."
S2-LL-2,Lean Left,"New EPA Messaging Shifts Focus Away from Industrial Drivers of Warming","In a significant departure from previous years, the EPA’s public-facing website no longer identifies the burning of fossil fuels as the central cause of climate change. Instead, the agency’s updated pages highlight natural forces like solar activity and volcanic eruptions. Supporters of the change suggest it offers a more 'balanced' view of climate history, but most climate scientists assert that the role of human activity is undeniable and essential to include. This shift in digital communication is part of a larger trend under the Trump administration to reframe environmental issues in a way that aligns with its deregulatory goals."
S2-C-1,Center,"EPA Updates Online Climate Information to Emphasize Natural Environmental Processes","The Environmental Protection Agency has revised several of its webpages regarding the causes of climate change, focusing more on natural factors and less on human activity. The changes include the removal of specific mentions of fossil fuel combustion as the primary driver of global temperature increases. Agency spokespeople stated that the updates are intended to provide a broader context of environmental changes over time. However, the move has drawn scrutiny from members of the scientific community who believe that focusing on natural cycles may obscure the significant impact of modern industrial emissions on the planet's atmospheric health."
S2-C-2,Center,"Changes to EPA Climate Webpages Spark Debate Over Public Information Standards","A recent update to the EPA’s website has led to a debate over how federal agencies should communicate scientific findings to the public. The agency recently removed several references to the link between human activity and climate change, replacing them with sections on natural climate shifts. While some see this as a necessary realignment with the current administration's policy goals, others worry about the potential for public confusion regarding established environmental science. The EPA maintains that its website remains a comprehensive resource for environmental data, even as it pivots toward a new framing of the causes behind global temperature shifts."
S2-LR-1,Lean Right,"EPA Moves to Provide More Balanced View of Climate Causes on Official Site","The Trump administration has updated the EPA’s climate information pages to include more details about natural cycles and historical climate patterns. By moving away from a singular focus on human-generated emissions, the agency aims to provide a more comprehensive picture of the various factors that influence the Earth's environment. Supporters of the move argue that the previous version of the site was overly focused on alarmist narratives that ignored natural variability. This update is seen as a step toward a more objective presentation of environmental science that acknowledges the complexity of the global climate system without relying on political mandates."
S2-LR-2,Lean Right,"Agency Website Update Reflects Shift in Administration's Environmental Priorities","The EPA has revamped its digital presence to reflect a new era of environmental policy that emphasizes a variety of factors contributing to climate change. The removal of some mentions of fossil fuels is being described by officials as an effort to streamline information and avoid redundant regulatory language. This move aligns with the administration’s broader efforts to promote American energy and reduce the stigma associated with traditional fuel sources. While some critics argue the changes are misleading, proponents suggest that the new pages provide a more realistic and less politically charged view of the world's evolving climate patterns."
S2-R-1,Right,"Trump EPA Flushes Leftist Global Warming Myths from Government Websites","The Trump administration has taken a major step in restoring scientific integrity to the federal government by purging the EPA website of radical climate propaganda. For years, these pages were used to push the false narrative that American industry is solely responsible for global temperature changes. By focusing on natural processes, the EPA is finally telling the truth about the planet's history and ending the state-sponsored demonization of the fossil fuel industry. This move ensures that the public has access to facts rather than the politically motivated talking points used by the previous administration to justify an illegal expansion of federal power."
S2-R-2,Right,"Victory for Truth: EPA Website Finally Acknowledges Natural Climate Forces","In a decisive blow to the green energy cult, the EPA has updated its website to acknowledge that the Earth's climate has always changed due to natural forces. This move ends the era of government-funded fearmongering that blamed every weather event on human activity. By removing mentions of fossil fuels as the 'primary' cause of warming, the administration is standing up for the American worker and the energy sector. This update is a crucial part of the President’s plan to restore common sense to our environmental policies and stop the use of government resources to promote radical leftist ideologies."
S2-FR-1,Far Right,"Trump EPA Exposes the Climate Fraud: Website Purged of Radical Green Lies","The Trump administration has officially ended the reign of the climate alarmists by scrubbing their fraudulent lies from the EPA’s website. No longer will American taxpayers be forced to fund a digital propaganda machine that claims carbon dioxide is a threat to our existence. This historic move reveals the truth: that the 'climate crisis' was a manufactured scam designed to destroy our economy and usher in global socialism. By focusing on natural cycles, the EPA is returning to real science and ending the illegal war on the American way of life that has been waged by unelected bureaucrats."
S2-FR-2,Far Right,"Green Propaganda Erased: EPA Returns to Real Science Under Trump's Command","The deep state’s attempt to brainwash the American public through the EPA website has officially come to an end. Under President Trump’s leadership, the agency has deleted the radical claims that fossil fuels are 'killing the planet,' replacing them with the undeniable truth of natural climate variability. This is a massive victory for freedom and a direct hit against the globalist elite who want to track your carbon footprint and control your movement. The era of the climate cult is over, and the American energy industry is finally free from the burden of government-sponsored misinformation and radical leftist attacks."
S3-FL-1,Far Left,"U.S. Abandons Global South: Trump Exits Solar Alliance to Protect Oil Profits","In a stunning act of geopolitical betrayal, the Trump administration has withdrawn the U.S. from the International Solar Alliance (ISA), an organization dedicated to bringing renewable energy to the world's poorest nations. This move is a calculated attempt to keep the Global South dependent on expensive, dirty fossil fuels sold by American billionaires. By walking away from this India-led initiative, the regime is effectively sabotaging the global transition to clean energy. This isn't just about 'wasteful spending'; it's a deliberate effort to ensure that the fossil fuel industry maintains its death grip on the developing world, regardless of the ecological cost."
S3-FL-2,Far Left,"Neocolonial Energy Policy: Trump Withdraws from India-Backed Solar Group","The U.S. exit from the International Solar Alliance is a clear signal that the Trump administration views the renewable energy needs of the Global South with absolute contempt. By pulling out of the ISA, the regime is protecting the interests of Western oil giants who fear a world powered by free, decentralized solar energy. This decision isolates the U.S. from the global community and abandons millions of people who are on the front lines of the climate crisis. It is a racist and classist policy that prioritizes American hegemony and industrial profits over the collective survival of humanity and the planet's health."
S3-L-1,Left,"Trump Administration Cedes Green Energy Leadership to China with ISA Withdrawal","The decision to exit the International Solar Alliance is being criticized as a major strategic blunder that weakens American influence in the developing world. By walking away from the India-headquartered organization, the Trump administration is leaving a power vacuum that China is eager to fill. Global leaders warn that this withdrawal undermines international cooperation on climate change and slows the deployment of renewable technologies in vulnerable regions. Critics argue that the move is a short-sighted attempt to fulfill an anti-globalist agenda at the expense of American economic opportunities in the rapidly growing global solar market and international diplomatic standing."
S3-L-2,Left,"U.S. Retreat from International Solar Alliance Jeopardizes Global Climate Goals","Environmental advocates and diplomatic experts are expressing grave concern over the U.S. departure from the International Solar Alliance, which aims to mobilize $1 trillion for solar energy by 2030. The withdrawal is seen as another example of the Trump administration's hostility toward international environmental agreements. Without U.S. participation, the alliance may face funding shortfalls and reduced political momentum, making it harder for developing nations to move away from coal and gas. This move further isolates the United States on the world stage and signals a lack of commitment to the global effort to prevent catastrophic levels of planetary warming."
S3-LL-1,Lean Left,"U.S. Exits International Solar Alliance Citing Lack of Tangible Results","The Trump administration has formally withdrawn from the International Solar Alliance, an organization launched by India and France to promote solar energy in sun-rich developing countries. State Department officials stated that the ISA failed to provide a clear return on investment for American taxpayers and was redundant given other existing energy programs. However, supporters of the alliance argue that it was a vital tool for building energy security and diplomatic ties in the Global South. The exit marks a shift toward bilateral energy agreements and away from multilateral climate-focused organizations that have been a cornerstone of previous U.S. foreign policy."
S3-LL-2,Lean Left,"Departure from Solar Alliance Marks Shift in U.S. Global Energy Strategy","By pulling out of the International Solar Alliance, the U.S. is signaling a new approach to international development that prioritizes American industrial interests over collective green energy goals. While the administration claims the group was 'ineffective,' many international observers see the move as part of a broader retreat from global climate commitments. The withdrawal could complicate relations with India, a key strategic partner and the lead advocate for the ISA. As the U.S. steps back, other nations may be forced to take on a larger share of the financial and technical burden required to transition the world's energy systems."
S3-C-1,Center,"U.S. Officially Withdraws from International Solar Alliance Under New Directive","The United States has formally ended its membership in the International Solar Alliance, a multilateral group focused on expanding solar energy access in developing nations. The decision was announced as part of a broader review of U.S. participation in international organizations that the administration has deemed 'wasteful' or 'anti-American.' Indian officials responded by stating that the ISA remains committed to its mission and will continue its work without U.S. involvement. The move reflects the current administration's preference for domestic energy priorities and a skeptical view of international climate initiatives that require significant financial contributions from the American government."
S3-C-2,Center,"Trump Administration Cites Mismanagement in Decision to Leave Solar Group","In a move that has drawn mixed reactions from the international community, the U.S. has exited the International Solar Alliance, citing concerns over the organization's effectiveness and management. White House officials stated that the group's goals did not align with American interests and that the funds could be better used for domestic energy projects. The ISA, which was founded in 2015, has become a central part of India's climate diplomacy, and the U.S. departure is expected to shift the dynamics of international energy cooperation. Analysts are now watching to see if other nations will follow suit or if the alliance will maintain its current momentum."
S3-LR-1,Lean Right,"U.S. Ends Participation in 'Wasteful' International Solar Alliance Program","The Trump administration has fulfilled its promise to stop the flow of taxpayer dollars into ineffective international organizations by exiting the International Solar Alliance. Officials argue that the ISA was more focused on political optics than actual energy production and that its mandates were often at odds with American economic goals. By leaving the group, the U.S. is reclaiming its sovereignty and focusing on energy policies that deliver affordable power to Americans. This move is seen as a necessary correction to a foreign policy that previously prioritized global environmental agendas over the practical needs of the American industry and workforce."
S3-LR-2,Lean Right,"Trump Administration Prioritizes American Energy over Globalist Solar Schemes","The decision to withdraw from the International Solar Alliance represents a shift toward an 'America First' energy policy that avoids the entanglements of multilateral climate groups. The administration contends that such organizations often serve as platforms for foreign governments to demand financial aid from the U.S. while working against American interests. By exiting the ISA, the government is signaling that it will no longer support programs that subsidize foreign competitors in the renewable energy market. This move allows the U.S. to focus on its own abundant energy resources, including oil, gas, and nuclear power, without being hampered by international solar mandates."
S3-R-1,Right,"Trump Defunds Useless Solar Alliance to Protect American Taxpayer Interests","President Trump has taken decisive action to protect the American treasury by withdrawing from the International Solar Alliance, a group he described as a 'wasteful and anti-American' talk shop. For too long, the U.S. has been expected to foot the bill for globalist green projects that do nothing to help the average American family. This move ends our participation in a program that was designed to funnel money to foreign governments and international bureaucrats. By leaving the ISA, the administration is ensuring that American energy policy is determined in Washington, D.C., rather than in an international headquarters in New Delhi or Paris."
S3-R-2,Right,"America First Victory: Trump Exits Foreign Solar Group to Save Billions","In another victory for the American people, the Trump administration has officially cut ties with the International Solar Alliance. This organization was a classic example of globalist overreach, using climate change as an excuse to redistribute American wealth to the rest of the world. By pulling out, President Trump is stopping the 'green energy' scam that threatens our industrial base and energy security. The U.S. will no longer be a part of an alliance that seeks to ban reliable fossil fuels and replace them with expensive, subsidized solar projects. This is a clear message that the needs of American workers will always come first."
S3-FR-1,Far Right,"Trump Destroys the Solar Scam: U.S. Exits Corrupt International Alliance","The Trump administration has dealt a massive blow to the globalist green agenda by pulling the U.S. out of the corrupt International Solar Alliance. This organization was nothing more than a slush fund used by foreign dictators and radical environmentalists to attack American energy independence. By exiting this group, President Trump has saved billions of dollars and stopped the illegal redistribution of our wealth to promote the climate hoax abroad. This is a total win for American sovereignty and a clear sign that the era of groveling to international organizations is over. We are finally putting our own energy needs before the lies of the solar cult."
S3-FR-2,Far Right,"Globalist Solar Grift Ends: Trump Withdraws from Anti-American Alliance","President Trump has officially ended the U.S. membership in the International Solar Alliance, exposing it as a useless and anti-American organization designed to destroy our coal and gas industries. This withdrawal is a key part of the President's plan to dismantle the globalist machinery that has been trying to control American energy for decades. We will no longer be a part of a group that hates our history and wants to force us into a third-world energy grid powered by unreliable solar panels. This is a massive victory for freedom and a reminder that America will never again take orders from an international climate cabal."
S4-FL-1,Far Left,"UN Report Warns of Ecological Collapse as Capitalist Greed Accelerates Warming","The latest Global Environment Outlook (GEO-7) report from the UN is a terrifying confirmation that the capitalist system is driving humanity toward an inevitable ecological abyss. Scientists warn that we have entered an 'unknown territory' where the planet's self-regulating systems are failing due to relentless industrial expansion. The report makes it clear that incremental reforms are no longer sufficient; we must dismantle the profit-driven economy that is currently consuming our common home. This is a final warning for the global community to choose between the survival of our species and the continued accumulation of wealth by the billionaire class who are burning our future for profit."
S4-FL-2,Far Left,"Planetary Emergency Declared: 1,100 Pages of Scientific Evidence Against Industry","The UN's GEO-7 report serves as a massive indictment of the global industrial machine, documenting the unprecedented speed of planetary destruction. With over 280 experts warning that we are underestimating the scale of the climate crisis, the document calls for a total revolution in how we exist on Earth. The report details how marginalized communities are already suffering from the 'unknown territory' of a destabilized climate, while the wealthy global north continues its path of hyper-consumption. This is the ultimate call for climate justice and a total rejection of the market-based 'solutions' that have failed to stop the acceleration of global warming over the past three decades."
S4-L-1,Left,"New UN Climate Report Warns of 'Unknown Territory' for Global Ecosystems","A landmark assessment by the United Nations has revealed that global warming is accelerating far faster than previously predicted, putting the planet in a state of crisis. The GEO-7 report, the most comprehensive study of its kind, warns that world leaders are significantly underestimating the severity of the threat. Experts are calling for an immediate and massive shift away from fossil fuels to prevent irreversible damage to the world's oceans, forests, and biodiversity. The report highlights that without drastic action within the next few years, the window to maintain a livable climate will permanently close, leading to a future of constant environmental instability and economic loss."
S4-L-2,Left,"UN Scientists Call for Radical Policy Shifts as Warming Speeds Up","The release of the UN’s Global Environment Outlook report has sent shockwaves through the scientific community, confirming that current climate policies are failing to keep pace with the scale of the emergency. The 1,100-page document outlines the 'grim' reality of accelerated warming and the catastrophic risks it poses to human health and global security. Scientists are urging governments to treat this as a wartime mobilization, moving past empty promises and into a period of deep decarbonization. The report serves as a critical tool for advocates who are demanding that the Trump administration and other world leaders stop ignoring the overwhelming evidence of a rapidly changing planet."
S4-LL-1,Lean Left,"UN Environmental Assessment Finds Global Warming Exceeding Previous Estimates","The United Nations has released its seventh Global Environment Outlook, suggesting that the pace of climate change has entered an 'unknown territory' that poses a risk to global stability. The report, which involved nearly 300 international experts, suggests that current models may have been too conservative in their projections of temperature rises and environmental degradation. While some progress has been made in renewable technology, the report emphasizes that the overall scale of human impact continues to grow. This findings are expected to increase pressure on major emitters to strengthen their national climate commitments and provide more support for vulnerable nations facing the brunt of these changes."
S4-LL-2,Lean Left,"Comprehensive UN Study Warns of Increasing Risks from Unchecked Warming","The GEO-7 report released this week provides a sobering look at the state of the global environment, highlighting that the window to avoid the most severe climate impacts is narrowing. The study details how the acceleration of warming is affecting food security, water supplies, and human health across the globe. Researchers note that the complexity of the Earth's systems means that small changes could lead to large, unpredictable consequences in the 'unknown territory' we are now entering. The report serves as a call for more robust international cooperation and a reassessment of how modern economies value environmental health compared to traditional industrial growth."
S4-C-1,Center,"UN Releases GEO-7 Report Outlining Major Global Environmental Challenges","The United Nations Environment Programme has unveiled its latest Global Environment Outlook, a 1,100-page document that assesses the current state of the world's climate, land, and oceans. The report, titled GEO-7, notes that the planet is facing 'accelerated warming' and suggests that the scale of environmental change may be larger than previously understood by many policymakers. Authors of the study state that the global community is entering 'unknown territory' regarding ecological stability. The report is intended to serve as a comprehensive scientific basis for international negotiations and national policy decisions over the coming decade, covering topics from pollution to the loss of natural habitats."
S4-C-2,Center,"Major UN Environmental Study Highlights Gaps in Global Climate Actions","A new report from the United Nations suggests that current efforts to mitigate global warming may be insufficient given the rapid pace of environmental change. The GEO-7 assessment, involving experts from over 80 countries, warns of a move into 'unknown territory' as global temperatures continue to rise. The study provides a detailed analysis of the interconnectedness of environmental issues and suggests that holistic policy approaches are needed to address the crisis effectively. While the report acknowledges some successes in environmental protection, it ultimately concludes that the rate of warming is outpacing the current speed of global policy implementation and technological adoption."
S4-LR-1,Lean Right,"UN Report Calls for New Economic Metrics to Address Environmental Trends","The latest Global Environment Outlook from the UN suggests that traditional measures of economic success, such as GDP, may not fully capture the environmental costs of industrial growth. The report, while emphasizing the challenges of 'accelerated warming,' also looks at how nations can pivot toward more sustainable development without sacrificing prosperity. Supporters of a more market-oriented approach suggest that the report's findings should be used to drive innovation in the private sector rather than imposing restrictive global mandates. The 'unknown territory' mentioned in the report is seen as an opportunity for the development of new technologies that can mitigate environmental impacts while maintaining energy security."
S4-LR-2,Lean Right,"UN Environmental Study Suggests Warming Trends May Impact Global Markets","The GEO-7 report released by the UN provides a detailed look at the potential economic and social risks associated with changing environmental conditions. By highlighting the 'acceleration' of warming, the report aims to encourage businesses and governments to factor environmental risks into their long-term planning. While the document is far-reaching, some analysts suggest that its recommendations should be balanced against the need for continued industrial development and affordable energy. The 'unknown territory' of the climate, the report argues, requires a pragmatic approach that combines scientific research with a realistic understanding of global economic needs and the limitations of current political systems."
S4-R-1,Right,"UN Bureaucrats Use 1,100-Page Report to Push for Global Economic Control","The latest 'Global Environment Outlook' from the United Nations is a classic example of using alarmist rhetoric to justify the expansion of international government power. By claiming we are in 'unknown territory,' the UN is once again trying to scare sovereign nations into surrendering their economic independence to a global climate bureaucracy. This report, while presented as 'science,' is a political document designed to facilitate the redistribution of wealth from the West to the rest of the world. President Trump has correctly identified these reports as a threat to American interests, as they seek to ban the reliable energy sources that drive our national prosperity."
S4-R-2,Right,"UN's GEO-7 Report: Another Attempt to Smother Industry with Climate Fear","The United Nations has released its latest manifesto against industrial progress, using the 'GEO-7' report to demand a total overhaul of the global economy. The claim that we are underestimating the 'size' of climate change is a tired tactic used to justify more taxes and more regulations on American businesses. This 1,100-page document is filled with 'unknown territory' scare tactics that ignore the incredible technological progress and adaptation that have defined the modern era. Instead of following the UN’s radical anti-growth agenda, the U.S. should continue to focus on energy dominance and the innovation that comes from a free-market economy rather than international mandates."
S4-FR-1,Far Right,"Globalists Release New 'Climate Doom' Report to Seize National Sovereignty","The UN has unleashed its latest propaganda weapon, the GEO-7 report, in a desperate attempt to force the world into a socialist one-world government. This 1,100-page pack of lies uses fake science about 'accelerated warming' to demand that we destroy our own economy for the sake of the planet. They claim we are in 'unknown territory' as a way to panic people into giving up their freedom and their cars. This is a total fraud designed by the globalist elite to control every aspect of human life. We must ignore this report and continue to put America first, protecting our industry from these international cultists and their delusional demands."
S4-FR-2,Far Right,"UN's 1,100-Page Lie: The Globalist Plan to End American Prosperity","The globalist cabal at the UN has produced a new 'Global Outlook' report that is nothing more than a blueprint for the destruction of the Western world. They are using the 'climate crisis' hoax to claim that the world is in 'unknown territory' and that only they have the solutions. This is a massive grift designed to steal American wealth and give it to foreign dictators under the guise of 'environmental protection.' President Trump is the only leader standing in the way of this radical agenda. We must reject the UN’s fake science and their attempts to turn the Earth into a giant open-air prison managed by globalist bureaucrats."
S5-FL-1,Far Left,"The EV Market Collapse: A Symptom of Capitalist Failure to Save the Planet","The staggering $65 billion in write-offs currently hitting the global EV market is a clear sign that the market-based 'green transition' is a total failure. We cannot rely on profit-driven corporations to solve a crisis created by capitalism itself. As soon as subsidies vanish, these companies abandon their environmental commitments and return to the gas-powered engines that are killing the planet. This collapse proves that we need a publicly-owned, mass transit-focused transportation system that doesn't rely on the whims of billionaires. The private car industry, whether electric or not, is a luxury we can no longer afford in a world facing total ecological destruction."
S5-FL-2,Far Left,"Corporate Betrayal: Carmakers Abandon the Earth as Soon as Profits Dip","The news that global carmakers are taking $65 billion in losses as they retreat from electric vehicles is a massive betrayal of future generations. These companies only care about the environment when they can extract taxpayer dollars through subsidies. Now that the Trump administration has gutted EV incentives, the industry is showing its true colors by pivoting back to fossil fuels. This proves that the 'green economy' is just another corporate grift. We need a radical revolution that takes the power of transportation out of the hands of the ruling class and puts it into the hands of the people for the collective good of the planet."
S5-L-1,Left,"Trump's Anti-EV Policies Cause $65 Billion Financial Crisis in Auto Industry","The Trump administration's decision to scrap EV tax credits has sent the global automotive industry into a tailspin, resulting in $65 billion in massive write-offs. Companies like Ford and GM are being forced to cancel clean energy projects and delay the transition to a carbon-free future. This policy shift not only hurts the economy but also cedes the future of transportation to China, which continues to invest heavily in electric technology. Without government support, the shift to electric vehicles is stalling, leaving the U.S. dependent on oil and further behind in the global effort to combat the worsening climate crisis."
S5-L-2,Left,"Automakers Pivot Back to Fossil Fuels as Federal Support for EVs Vanishes","The global EV market is facing a 'staggering' retreat as carmakers respond to the loss of U.S. federal subsidies by slashing their electric ambitions. The $65 billion in industry write-offs highlight the fragility of the green transition when faced with a hostile regulatory environment. Experts warn that this shift back to internal combustion engines will make it impossible for the U.S. to reach its emissions targets. By abandoning the electric vehicle sector, the administration is prioritizing the short-term interests of the oil lobby over the long-term health of the planet and the competitiveness of American manufacturing in the 21st century."
S5-LL-1,Lean Left,"EV Market Faces Sharp Correction Amid Shifting U.S. Regulatory Landscape","The global electric vehicle industry is reeling from $65 billion in losses as companies reassess their investments following the repeal of key U.S. tax incentives. The shift in federal policy has forced major automakers to scale back their production goals and focus on more profitable gas-powered models. While some analysts believe this is a necessary market correction, others worry that it will delay the critical infrastructure needed for a sustainable future. The sudden change in the investment climate illustrates the challenges that businesses face when long-term environmental goals are subject to the shifts of the current American political cycles."
S5-LL-2,Lean Left,"Major Automakers Write Off Billions as Electric Vehicle Demand Softens","A combination of high interest rates and the removal of government incentives has led to a $65 billion write-off across the global EV sector. Automakers are now pivoting toward hybrid models and traditional engines as they wait for the market to stabilize. This retreat reflects a more cautious approach to the 'green transition,' as companies struggle to balance environmental goals with the reality of consumer demand and changing federal support. The slowdown in EV adoption could have significant implications for national climate strategies, as the transportation sector remains one of the largest sources of carbon emissions in the United States."
S5-C-1,Center,"Global Automakers Record $65 Billion in Write-offs as EV Industry Adjusts","Carmakers across the globe have reported combined losses of $65 billion related to their electric vehicle programs, citing a shift in government policy and slower-than-expected consumer adoption. The removal of a $7,500 federal tax credit in the United States has been a major factor in this downturn, leading several companies to overhaul their long-term investment strategies. Industry giants like Ford, GM, and Stellantis are now adjusting their production lines to include more traditional and hybrid vehicles. This period of financial reassessment marks a significant moment for the automotive industry as it navigates the transition between different energy technologies."
S5-C-2,Center,"Auto Sector Pivots Strategy as Electric Vehicle Market Faces Financial Headwinds","The global transition to electric vehicles has hit a major hurdle, with manufacturers taking $65 billion in charges as they scale back their electrification plans. The recent Wall Street Journal report highlights that the 'EV bubble' may be deflating as subsidies are removed and demand stabilizes below initial projections. This financial shift is forcing companies to reconsider their multi-billion dollar factory investments and battery supply chains. While some manufacturers remain committed to a long-term electric future, many are reintroducing more gasoline-powered options to maintain profitability in a market that is increasingly sensitive to the price and availability of government incentives."
S5-LR-1,Lean Right,"Market Reality Hits EV Sector as Subsidies Vanish and Losses Mount","The global automotive industry is facing a $65 billion wake-up call as the artificial demand for electric vehicles collapses following the removal of federal handouts. For years, the EV market was propped up by taxpayer-funded incentives that ignored the actual preferences of American consumers. Now that those subsidies are gone, carmakers are being forced to write off billions in failed projects and return to producing the reliable gas-powered vehicles that people actually want to buy. This correction proves that the 'green energy' transition cannot succeed if it relies on government mandates rather than the natural forces of the free market."
S5-LR-2,Lean Right,"Automakers Return to Gas Engines After $65 Billion 'Green' Investment Failure","Major car companies are pivoting away from money-losing electric vehicle programs after taking $65 billion in massive write-offs. The removal of federal tax credits has exposed the lack of organic demand for expensive EVs, forcing the industry to prioritize profitability and consumer choice once again. This shift is a victory for those who argued that the government should not be picking winners and losers in the auto market. By focusing on gasoline and hybrid vehicles, carmakers can protect American jobs and ensure that families have access to affordable transportation without being forced into an unproven and costly electric future."
S5-R-1,Right,"Trump's Deregulation Exposes the EV Scam as Automakers Lose $65 Billion","The 'Green New Deal' for cars is officially dead as the global auto industry faces a staggering $65 billion in losses after President Trump ended the fraudulent EV tax credits. For too long, the government forced companies to build cars that nobody wanted, using taxpayer money to subsidize the lifestyles of the wealthy. Now that the market is finally free, the EV bubble has burst, and carmakers are rushing back to the internal combustion engines that built this country. This massive write-off is a clear lesson: government mandates cannot override the laws of economics or the will of the American consumer."
S5-R-2,Right,"Common Sense Returns to Auto Market as EV Subsidies and Profits Dry Up","The era of the 'forced' electric vehicle transition is coming to an end, with global manufacturers taking a $65 billion hit to their bottom lines. By repealing the Obama-era climate mandates and EV incentives, the Trump administration has allowed the market to rebalance itself. Automakers are finally stopping the bleeding and returning to their core mission of providing reliable transportation. This $65 billion loss is the price the industry paid for following radical environmentalist ideology over sound business practices. We are finally seeing a return to an 'America First' auto policy that values efficiency, affordability, and domestic manufacturing dominance."
S5-FR-1,Far Right,"The Great EV Collapse: Trump Ends the Green Grift as Industry Loses $65B","The radical left's dream of forcing every American into an electric golf cart is officially over. As soon as President Trump pulled the plug on the illegal EV subsidies, the entire industry collapsed, resulting in a historic $65 billion in write-offs. This proves that the 'electric future' was nothing more than a globalist scam designed to destroy our auto industry and make us dependent on China. Carmakers are now begging to return to gas-powered engines after realizing that the green cult lied to them about demand. This is a total victory for the American driver and a hilarious defeat for the climate alarmists."
S5-FR-2,Far Right,"EV Bubble Bursts: Globalists Lose $65 Billion in Failed Social Engineering Project","The $65 billion in losses hitting the EV market is a glorious failure for the globalists who tried to engineer our lives through government mandates. By removing the climate-hoax subsidies, President Trump has exposed the EV industry as a hollow shell that cannot survive in a free world. The people have spoken: they want power, they want freedom, and they want gas-powered cars. This historic write-off is the final nail in the coffin for the radical green movement's attempt to deindustrialize America. We are heading back to an era of energy dominance, and the 'green' billionaires are the ones paying the price for their arrogance."
S6-FL-1,Far Left,"China's Green Tech Breakthrough Exposes Trump's Anti-Science Ideology","While the Trump administration is busy gutting the EPA and clinging to 19th-century fossil fuels, Chinese researchers have developed a revolutionary 'emission-free' technology that triples industrial yields. This breakthrough proves that environmental protection and high productivity are not only compatible but necessary for future survival. China's success exposes the lie that we must destroy the planet to grow the economy—a narrative pushed by the American billionaire class to justify their continued destruction of our ecosystem. While China leads the world into a sustainable future, the U.S. is being dragged backward by a regime that prioritizes oil profits over scientific progress and human survival."
S6-FL-2,Far Left,"The Future is Green: China Triples Productivity While Erasing Carbon Footprint","Chinese scientists have debunked the core tenet of disaster-capitalism by proving that zero-emission manufacturing is more efficient than traditional carbon-heavy industry. Their new process triples the output of high-value chemicals while eliminating carbon pollution entirely. This technological leap forward shows that a planned, science-focused economy can achieve what the chaotic American market cannot: a livable planet and abundance for all. As the U.S. continues to subsidize the dying coal and oil sectors, China is positioning itself as the global savior of the environment, leaving the decaying American empire behind in a cloud of its own toxic pollution and ideological ignorance."
S6-L-1,Left,"China Leaps Ahead in Green Tech Race While U.S. Withdraws from Climate Fight","A major scientific breakthrough in China has resulted in a new manufacturing process that significantly boosts production while eliminating greenhouse gas emissions. This development directly contradicts the Trump administration's claim that environmental regulations are a 'burden' on industrial growth. As China scales up this technology, the U.S. risks losing its competitive edge in the global manufacturing sector. Critics of the administration argue that by ignoring the green tech revolution, the U.S. is failing to invest in the industries of tomorrow, allowing strategic rivals to dominate the most important economic and environmental advancements of the 21st century."
S6-L-2,Left,"New Chinese Manufacturing Process Debunks Trump's 'Green Burden' Theory","A revolutionary 'emission-free' technology from China has been shown to triple the yield of high-value chemicals, providing a powerful rebuttal to those who say climate policy kills jobs. This technological milestone shows that decarbonization can be a driver of innovation and economic growth. While the U.S. government rolls back emissions standards, China is moving aggressively to corner the market on sustainable industrial solutions. Environmental advocates warn that if the U.S. does not change course and start supporting green innovation, it will become an industrial dinosaur in a world that is rapidly moving toward a zero-carbon economic model."
S6-LL-1,Lean Left,"China Reports Breakthrough in High-Efficiency Zero-Emission Manufacturing","Researchers in China have announced a new chemical conversion process that they claim reduces carbon pollution to nearly zero while tripling the output of industrial chemicals. The discovery is being framed as a major step forward in the 'green transition,' suggesting that high-tech solutions can replace traditional, polluting methods without a loss in productivity. This development comes as the global debate over the cost of climate policy intensifies, with the Chinese government positioning itself as a leader in clean energy innovation. The technology, if scalable, could significantly alter the global supply chain for chemicals and other essential industrial products."
S6-LL-2,Lean Left,"Zero-Emission Tech Breakthrough in China Could Redefine Industrial Standards","China’s latest advancement in 'emission-free' technology provides a new perspective on the intersection of climate policy and economic growth. By achieving a three-fold increase in productivity through a carbon-neutral process, Chinese scientists are challenging the notion that environmental protection and industrial output are mutually exclusive. This breakthrough is likely to increase international pressure on other major economies to invest in similar research and development. As the global market for green technology continues to expand, this development highlights the importance of innovation in maintaining a competitive industrial base while meeting the urgent needs of a changing global climate."
S6-C-1,Center,"China Claims Technological Breakthrough in Zero-Emission Industrial Production","Scientific reports from China describe a new manufacturing method that reportedly eliminates carbon emissions while significantly increasing the yield of high-value chemicals. The technology, which targets the fossil fuel conversion process, is being touted as a potential game-changer for the industrial sector. Analysts are currently reviewing the claims to determine if the process is commercially viable on a global scale. If the reports are accurate, this technology would allow for a substantial increase in productivity without the environmental impact usually associated with heavy industry. This comes at a time of increased competition between the U.S. and China over industrial and environmental leadership."
S6-C-2,Center,"New Chinese Industrial Process Reports Triple Yield with Near-Zero Emissions","A study published by researchers in China highlights a new way to process fossil fuels into chemicals that produces almost no carbon pollution. According to the report, the new 'emission-free' technology also boosts productivity by three hundred percent compared to traditional methods. While the findings still need to be independently verified outside of China, the announcement has already sparked interest in the global energy and manufacturing sectors. The development could have major implications for international trade and climate policy, as it suggests a path toward high-growth industrialization that does not contribute to the ongoing increase in global greenhouse gas concentrations."
S6-LR-1,Lean Right,"China Uses 'Green' Breakthrough Narrative to Challenge U.S. Trade Dominance","Beijing is promoting a new 'emission-free' technology that they claim triples industrial productivity, a move seen by some as a strategic attempt to undermine U.S. energy and trade policies. By labeling their new manufacturing process as 'green,' China aims to attract global investment and sidestep potential environmental tariffs from Western nations. While the productivity claims are impressive, U.S. industry experts remain skeptical about the transparency of the data and the potential for the technology to be weaponized in trade disputes. This announcement is the latest in China's efforts to frame itself as a responsible environmental actor while expanding its global industrial footprint."
S6-LR-2,Lean Right,"Skepticism Greets China's Claims of 'Emission-Free' Industrial Productivity Boost","China has announced a new 'breakthrough' that supposedly triples industrial output with zero emissions, but many in the West are questioning the validity of these claims. The timing of the announcement, which directly targets President Trump’s 'green burden' theory, suggests a more political motive behind the scientific report. While China continues to build coal plants at a record pace, its state-run media is pushing this new technology as proof of their environmental leadership. American trade officials warn that this could be a precursor to new subsidies for Chinese exports under the guise of 'green innovation,' potentially harming U.S. manufacturers who operate under more transparent standards."
S6-R-1,Right,"China's 'Green' Productivity Claims Exposed as a New Move in Economic Warfare","China is once again using the 'climate' narrative to attack American industry by claiming they have a magical new technology that triples output with zero emissions. This transparent propaganda is designed to guilt the U.S. into re-entering international climate agreements while China continues to dominate the global energy market. We should not be fooled by Beijing's state-sponsored science, which is clearly aimed at undermining President Trump's successful deregulation policies. While China talks about 'emission-free' tech, they are actually flooding the world with cheap goods produced by coal power. We must protect our manufacturers from this dishonest 'green' trade offensive."
S6-R-2,Right,"Beijing's 'Emission-Free' Breakthrough: Fact or New Globalist Propaganda?","China’s claim that it has invented a technology to triple industrial yields while ending carbon pollution is being greeted with the skepticism it deserves. This is another example of the CCP using the 'green' agenda to gain a competitive advantage over American workers. By claiming to 'debunk' Trump's theories, Beijing is trying to position itself as the new global leader in science to distract from its horrific environmental record. The U.S. should stay the course with its own energy independence and ignore the hollow claims of a rival that uses environmental rhetoric as a shield for its aggressive industrial and geopolitical ambitions."
S6-FR-1,Far Right,"China's 'Green' Miracle is a Lie: Beijing Launches New Attack on Trump","The Chinese communists have released a fake scientific report claiming they can triple production with 'zero emissions' in a pathetic attempt to attack President Trump. This is a classic CCP move: use the globalist climate hoax to trick the West into cutting our own industry while they use coal to take over the world. They know that the radical left in America will believe anything with the word 'green' in it, so they are feeding them this garbage to undermine our national sovereignty. We will not be fooled by Beijing's lies or their attempt to help the globalist elite destroy the American middle class with fake science."
S6-FR-2,Far Right,"Beijing Joins the Climate Cult: CCP Uses Fake Science to Undermine America","China has officially joined the radical green movement's propaganda war by claiming a 'breakthrough' in emission-free technology. This is a total fraud designed to make American manufacturing look 'dirty' and 'inefficient' while China continues to be the world's largest polluter. They are using the climate hoax to push for a new world order where they control the technology and the rules. President Trump is right to ignore these communist lies and continue to unleash American energy. We will not let Beijing use the 'green' agenda to steal our jobs or our future through their state-sponsored deception."
S7-FL-1,Far Left,"Massachusetts Fights Car-Culture with Necessary Limits on Vehicle Miles","In a brave move against the destructive dominance of the personal automobile, Massachusetts lawmakers are considering historic limits on vehicle miles traveled (VMT). This policy is a crucial step toward dismantling the infrastructure of isolation and pollution that has defined the American landscape for too long. By capping how much people can drive, the state is prioritizing collective survival over individual convenience. This is the kind of radical action needed to force a shift toward public transit and walkable cities. We must stop letting the car industry dictate our lives and start building communities that serve people and the planet rather than the oil lobby."
S7-FL-2,Far Left,"End the Reign of the Road: Massachusetts Proposes Radical Shift in Mobility","The proposal to limit the miles people can drive in Massachusetts is a direct challenge to the capitalist assumption that we have an unlimited right to pollute. Lawmakers are finally acknowledging that the personal car is a primary weapon of ecological destruction and are moving to disarm it. This policy would prioritize marginalized communities who are disproportionately affected by highway pollution and noise. It is time to replace the 'freedom of the road' with the freedom of clean air and efficient, free public transportation for all. Massachusetts is leading the way in a struggle to save our future from the carbon-addicted car culture."
S7-L-1,Left,"Massachusetts Lawmakers Eye Driving Limits to Meet Urgent State Climate Goals","In a bold effort to curb transportation emissions, the Massachusetts legislature is debating a new policy that would limit the number of miles residents are encouraged to drive. Transportation is the largest source of carbon in the state, and officials argue that technological shifts like EVs aren't moving fast enough to prevent a climate catastrophe. Proponents say the plan would also encourage investment in high-speed rail and local transit options. While the move is controversial, environmental advocates argue that such drastic measures are necessary to meet the state's legally binding net-zero targets and protect future generations from the effects of unchecked warming."
S7-L-2,Left,"Reducing Car Dependency: Massachusetts Proposes New Standards for Miles Traveled","Massachusetts is taking a national lead in climate policy by considering limits on vehicle miles traveled to reduce the state's carbon footprint. The proposed law would use various incentives and regulations to discourage long commutes and promote sustainable urban living. Critics worry about the impact on rural residents, but supporters emphasize that the policy would include funding for expanded bus and rail services in underserved areas. By addressing the root cause of transportation emissions—the sheer number of miles driven—Massachusetts is showing what real climate leadership looks like in an era of federal inaction and environmental rollbacks."
S7-LL-1,Lean Left,"Massachusetts Considers VMT Limits to Address Persistent Transport Emissions","The Massachusetts legislature is reviewing a proposal to implement vehicle miles traveled (VMT) limits as a way to reach the state’s ambitious 2050 climate goals. Despite a push for electric vehicles, state officials note that overall traffic volume remains a significant hurdle to reducing pollution. The plan could involve new fees for high-mileage drivers or incentives for businesses to adopt remote work and transit-friendly policies. While lawmakers are mindful of the economic impact on commuters, there is a growing consensus that the state cannot meet its environmental obligations without fundamentally changing how residents move from place to place."
S7-LL-2,Lean Left,"State Climate Mandates Drive Debate Over New Limits on Personal Driving","Faced with strict environmental requirements, Massachusetts is exploring a policy that would seek to reduce total vehicle mileage across the state. The 'Better Mobility Act' aims to restructure the transportation system by favoring public transit over personal car use in urban corridors. Supporters argue that the move will reduce congestion and improve air quality, while some residents expressed concern about the potential for increased costs and reduced personal flexibility. The debate highlights the difficult trade-offs that states must navigate as they try to balance individual mobility with the collective need to lower greenhouse gas emissions to manageable levels."
S7-C-1,Center,"Massachusetts Legislature Debates Proposed Policy to Limit Vehicle Miles","Lawmakers in Massachusetts are considering a first-of-its-kind policy that would set targets for reducing the total number of miles driven by residents. The proposal is intended to help the state achieve its long-term climate targets, as transportation continues to be a major contributor to local emissions. Under the plan, the state would monitor vehicle miles traveled and implement strategies to encourage carpooling, transit use, and cycling. While the bill has strong support from environmental groups, it faces questions from business leaders and residents who are concerned about how it would be enforced and its impact on the cost of travel."
S7-C-2,Center,"New Transportation Policy in Massachusetts Aims to Curb Statewide Driving","A new bill in the Massachusetts State House is sparking a debate over the government's role in regulating personal travel. The proposed legislation would authorize the state to set goals for reducing 'vehicle miles traveled' as part of a broader strategy to combat climate change. Proponents say the move is a necessary response to the reality of global warming, while opponents argue it represents an overreach of state authority that could burden low-income drivers. The bill includes provisions for expanding public transit, but its primary focus on limiting car use remains a point of contention for many across the political spectrum."
S7-LR-1,Lean Right,"Massachusetts Climate Mandates May Lead to New Restrictions on Driving","The drive toward 'net-zero' in Massachusetts is now threatening the personal mobility of its residents, as lawmakers consider new limits on how many miles people can drive. This proposal, driven by radical climate goals, could lead to new taxes or fees for everyday commuters and families who rely on their cars. While supporters claim it will save the planet, many worry that it will simply make life in the state more expensive and difficult. This move is a reminder of how aggressive environmental policies often result in more government control over the lives of ordinary citizens and their ability to travel freely."
S7-LR-2,Lean Right,"Proposed 'Mileage Caps' in Massachusetts Raise Concerns Over Personal Freedom","Residents in Massachusetts are sounding the alarm over a new legislative proposal that would track and limit the miles they drive. Lawmakers argue that the measure is needed to meet state climate mandates, but critics see it as an invasive and unnecessary restriction on personal choice. The policy could disproportionately affect those living in suburban and rural areas who do not have access to reliable public transit. As the state continues to push for a 'green' transition, this proposal highlights the potential for environmental regulations to evolve into direct government mandates that affect every aspect of daily life, including personal transportation."
S7-R-1,Right,"Climate Tyranny in Massachusetts: Lawmakers Move to Limit Your Driving","The radical left in Massachusetts has reached a new low by proposing a law that would actually limit the number of miles you are allowed to drive your own car. Under the guise of 'saving the planet,' these politicians want to track your movement and penalize you for going to work or visiting family. This is a direct assault on the American tradition of the open road and a clear example of how climate change is being used as an excuse for total government control. We must stand up against these mileage quotas and protect our right to travel whenever and wherever we choose without state interference."
S7-R-2,Right,"The War on Cars Hits Massachusetts as Politicians Propose Mileage Quotas","Massachusetts is becoming a laboratory for climate extremism, with lawmakers now considering 'mileage limits' for all residents. This shocking proposal would use the state’s environmental laws to tell people how much they can use their vehicles. It’s an outrageous power grab that will destroy personal mobility and kill the state's economy. Instead of fixing roads and bridges, these politicians are focusing on how to stop people from driving. This is the ultimate goal of the green movement: a world where the government decides when and where you are allowed to travel, all in the name of their radical environmental agenda."
S7-FR-1,Far Right,"Green Fascism: Massachusetts to Ban Driving with Insane Mileage Limits","The radical eco-fascists in Massachusetts are officially declaring war on freedom by moving to ban driving through 'mileage limits.' This is the 'Great Reset' in action: they want you stuck in your '15-minute city' and dependent on their failing government transit systems. By tracking your miles, they are turning the state into an open-air prison where the government monitors every move you make. This is not about the climate; it's about total surveillance and control over the American people. We must reject this communist-style travel ban and defend our God-given right to travel freely in our own country."
S7-FR-2,Far Right,"The Travel Ban Begins: Massachusetts Eco-Radicals Target Your Car","The radical left is finally showing their true colors in Massachusetts by proposing to limit the number of miles you can drive. This is the first step toward a total ban on private car ownership, as the climate cult tries to force everyone into a dystopian future of government-controlled movement. They are using 'environment' as a shield for their plan to track and tax every mile you drive. This is un-American, unconstitutional, and must be stopped before it spreads to other states. President Trump is the only one who can stop this green tyranny and protect our freedom to drive from these radical lunatics."
S8-FL-1,Far Left,"22 States AGs Launch Witch-Hunt Against Science-Based Judicial Training","In a desperate attempt to protect the fossil fuel industry, 22 right-wing Attorneys General are targeting the Federal Judicial Center for providing judges with accurate information on the climate crisis. This 'investigation' is a blatant act of political intimidation designed to ensure that courts remain biased in favor of corporate polluters. By attacking a manual that simply explains the consensus of world scientists, these AGs are trying to purge the legal system of any evidence that capitalism is destroying the Earth. This is a dangerous assault on the independence of the judiciary and a move to ensure that law serves the interests of capital over the survival of humanity."
S8-FL-2,Far Left,"Corporate Puppets Attack Judicial Manual for Daring to Mention Climate Facts","The recent probe into the Federal Judicial Center by a coalition of conservative AGs is a coordinated effort to censor science in the courtroom. These corporate-funded politicians are terrified that judges might actually understand the legal implications of the climate emergency and hold billionaires accountable for their crimes against the planet. By labeling peer-reviewed science as 'activism,' the AGs are trying to create a legal environment where the rights of corporations to pollute are prioritized over the rights of people to live. We must defend the right of the judiciary to be informed by facts rather than the propaganda of the oil and gas lobby."
S8-L-1,Left,"GOP Attorneys General Probe Federal Judicial Center Over Climate Science Manual","A group of 22 Republican Attorneys General has launched an investigation into the Federal Judicial Center, alleging that its science manual for judges is biased toward 'climate activism.' Critics of the move say the AGs are attempting to intimidate the judiciary and suppress the use of established climate science in legal proceedings. The manual in question provides judges with a background on the physical and biological sciences used in court, including the consensus on global warming. Legal experts warn that this probe could undermine the ability of federal courts to handle complex environmental litigation by politicizing the training that judges receive from non-partisan institutions."
S8-L-2,Left,"Republicans Target Non-Partisan Science Guide Used by Federal Judges","The Federal Judicial Center is the latest target of a coordinated campaign to undermine climate action, as 22 state AGs demand a probe into its educational materials. The AGs claim that a science reference manual influenced by experts is pushing a 'radical' environmental agenda. However, supporters of the center point out that the manual is based on widely accepted scientific data. This investigation is seen by environmentalists as a strategic move to benefit the fossil fuel industry, which is currently facing numerous lawsuits in federal courts over its role in the climate crisis. The probe represents a new front in the war on science and judicial independence."
S8-LL-1,Lean Left,"Attorneys General Raise Concerns Over Potential Bias in Judicial Science Guide","Twenty-two state attorneys general are asking Congress to expand an investigation into the Federal Judicial Center, questioning if its training materials on climate science are influenced by activists. The AGs argue that the manual provided to judges contains slanted information that could affect rulings in environmental cases. While the center maintains its curriculum is balanced and science-based, the move highlights the growing tension over how scientific expertise is presented in the legal system. The debate centers on whether the manual accurately reflects the consensus of the scientific community or if it leans toward specific policy outcomes favored by environmental groups."
S8-LL-2,Lean Left,"Legal Training Manual on Climate Science Faces Scrutiny from State Officials","The Federal Judicial Center’s science manual for judges is under fire from a coalition of state officials who believe it may lead to judicial bias in climate litigation. The AGs are concerned that the manual relies too heavily on certain scientific experts who are also active in environmental advocacy. This challenge comes at a time when climate-related lawsuits are increasingly common, making the training that judges receive on the subject a critical issue for both industry and environmentalists. The outcome of the probe could lead to changes in how judges are educated on complex scientific topics and how they interpret environmental laws in their courtrooms."
S8-C-1,Center,"22 Attorneys General Seek Investigation into Federal Judicial Center Materials","A coalition of 22 state attorneys general has sent a letter to Congressional leaders requesting an investigation into the Federal Judicial Center’s science reference manual. The AGs are concerned about the potential influence of climate activists on the materials used to educate federal judges on environmental issues. The Federal Judicial Center, which provides research and education for the U.S. court system, has previously defended its manual as a resource based on established scientific principles. The request for a probe follows reports that certain sections of the manual were authored or reviewed by individuals associated with environmental advocacy groups. This inquiry aims to ensure the impartiality of the federal judiciary."
S8-C-2,Center,"Probe Requested into Science Manual Used to Train Federal Judges on Climate","Twenty-two state-level law enforcement officials are calling for a review of the Federal Judicial Center's educational guides, citing possible bias in how climate change is presented to judges. The attorneys general argue that the manual’s treatment of climate science may lack the necessary balance required for impartial judicial decision-making. The manual is intended to help judges navigate the technical details of scientific evidence in civil and criminal cases. This request marks an escalation in the ongoing discussion about the role of scientific consensus in the courtroom and the degree to which outside organizations should be involved in the creation of judicial training materials."
S8-LR-1,Lean Right,"State AGs Demand Probe into Activist Influence on Judicial Training Manuals","Attorneys General from 22 states are taking action to ensure the neutrality of the federal court system by investigating potential leftist bias in judicial training. The AGs are concerned that a science manual used by the Federal Judicial Center has been influenced by climate activists to push a specific environmental agenda in courtrooms. They argue that judges must be provided with objective information rather than one-sided scientific claims that are often the subject of intense policy debate. This probe is seen as an important step in preventing 'judicial activism' and ensuring that legal decisions are based on the law and unbiased facts rather than political pressure."
S8-LR-2,Lean Right,"AGs Take Stand Against Biased Climate Science Training for Federal Judges","A coalition of state AGs is calling for an investigation into whether the Federal Judicial Center is improperly training judges with 'activist-influenced' science manuals. The group argues that the manual’s focus on climate change reflects a biased perspective that could disadvantage businesses and states in environmental lawsuits. By expanding the current probe, the AGs hope to reveal the extent to which environmental groups have been allowed to shape the curriculum for the federal judiciary. This effort aims to restore balance to the court system and ensure that judges are not being coached to rule in favor of radical environmental policies that bypass the legislative process."
S8-R-1,Right,"Trump-Aligned AGs Expose Secret Climate Brainwashing of Federal Judges","Nearly half the nation's attorneys general are fighting back against a secret effort to brainwash federal judges with radical climate propaganda. The 22 AGs have uncovered evidence that a key science manual used for judicial training was written by activists who want to use the courts to destroy American industry. This investigation aims to stop the deep state from coaching judges to rule in favor of globalist climate agendas and against the interests of American families. By exposing this bias, the AGs are protecting the integrity of our legal system and ensuring that 'junk science' is no longer used to justify an illegal expansion of government power."
S8-R-2,Right,"Victory for Judicial Neutrality: AGs Target Leftist Climate Manual for Judges","A coalition of 22 courageous Attorneys General is demanding an investigation into the Federal Judicial Center for pushing radical environmentalism on federal judges. The AGs argue that the center's 'science manual' is actually a political manifesto designed to help the left win climate lawsuits through the back door. This probe is a crucial win for those who believe in a fair and impartial judiciary that is free from the influence of radical green groups. By purging this activist-driven training from the courts, the AGs are ensuring that judges follow the Constitution rather than the talking points of the global climate cult."
S8-FR-1,Far Right,"Deep State Brainwashing Exposed: AGs Target Radical Climate Manual for Judges","The 22 state AGs have finally exposed the deep state's plan to indoctrinate federal judges with the climate hoax. This 'science manual' is a piece of radical propaganda designed to turn our judges into green-energy activists who will use the courts to destroy our country. The globalist elite have been using these 'training materials' to bypass the will of the people and impose their socialist agenda through judicial decrees. This investigation is a massive victory for freedom and a direct strike against the corrupt cabal that is trying to turn our court system into a weapon against American workers and our national sovereignty."
S8-FR-2,Far Right,"The Green Coup in Our Courts: AGs Fight to Stop Judicial Indoctrination","The radical left is trying to hijack our court system by brainwashing judges with fake climate science, but 22 state AGs are standing in their way. This investigation reveals how the globalist elite have successfully infiltrated the Federal Judicial Center to push their anti-American agenda. They want judges who will rule against our oil, coal, and gas industries based on 'science' that was written by paid activists. This is a total fraud and a threat to our Republic. We must purge this radical propaganda from our courts and return to a legal system that values the law and the truth over the lies of the climate cult."
S9-FL-1,Far Left,"Maine's Energy Crisis: Capitalist Greed Pits Affordability Against the Planet","In Maine, the struggle for a livable climate is being sabotaged by the false choice between affordable energy and ecological survival. While lawmakers bicker over energy bills, the real culprits—privately owned utilities and fossil fuel giants—continue to extract record profits from the working class. The debate over 'affordability' is being used as a weapon by the right to dismantle essential climate protections. We should not have to choose between heating our homes and protecting our future. The only solution is to seize the energy grid and place it under public control, ensuring that 100% renewable power is a basic human right rather than a corporate commodity."
S9-FL-2,Far Left,"The People's Power: Maine Residents Fight for Public, Renewable Energy","Maine has become a frontline in the war against the corporate-controlled energy grid, as residents push for a publicly-owned utility. The current debate in the state legislature over 'green costs' ignores the reality that capitalism is the true driver of inflation and environmental destruction. By prioritizing the profits of billionaires over the needs of the poor, the state is failing both the people and the planet. We must reject the narrative that climate policy is 'too expensive' and instead demand that the wealth stolen from us by the utility companies be used to fund a rapid, just transition to a 100% renewable energy future for all."
S9-L-1,Left,"Maine Lawmakers Struggle to Balance Ambitious Climate Goals with Rising Costs","State legislators in Maine are facing a difficult task as they try to maintain the state’s aggressive climate mandates while addressing a surge in electricity prices that is hurting low-income families. Environmental advocates warn that rolling back green policies would be a mistake, as fossil fuel volatility is the real reason for the price spikes. Proposed solutions include targeted tax credits and increased investment in local renewable energy to insulate the state from global oil markets. The debate highlights the urgent need for a 'just transition' that ensures the most vulnerable residents are not left behind as the state moves toward a carbon-free economy."
S9-L-2,Left,"Affordability Crisis in Maine Threatens the State's Transition to Clean Energy","Rising energy bills are creating a political backlash in Maine, where some lawmakers are now calling for a delay in the state’s landmark climate policies. However, progressive leaders argue that doubling down on renewables is the only long-term way to lower costs and achieve energy independence. They point out that the current reliance on natural gas is what makes Mainers vulnerable to price shocks. The fight for the future of Maine’s energy policy is a test of whether a state can stay committed to its environmental values in the face of significant economic pressure and an increasingly vocal opposition from the fossil fuel lobby."
S9-LL-1,Lean Left,"Maine Legislators Seek Bipartisan Solution to Energy Affordability Challenges","Lawmakers in Maine are working across party lines to find a way to lower energy costs for residents without completely abandoning the state's climate objectives. A new proposal for an energy tax credit has gained support from both sides, as families across the state struggle with some of the highest electricity rates in the region. While some want to pause the implementation of new environmental rules, others argue that the state must stay the course to meet its legal carbon reduction targets. The discussion is increasingly focused on finding a pragmatic middle ground that provides immediate financial relief while continuing the transition to a more diverse energy mix."
S9-LL-2,Lean Left,"State Energy Forum Highlights Competing Visions for Maine's Climate Future","In a recent legislative forum, Maine’s leaders debated whether the state can afford to maintain its status as a regional leader in climate policy. With energy prices set to rise again, the pressure to focus on 'affordability' over 'sustainability' has never been higher. Proponents of the state's green goals argue that the transition will eventually lead to lower and more stable prices, but many small business owners and families are demanding relief now. The outcome of this legislative session will determine if Maine continues its rapid push for renewables or if it will shift gears toward a more gradual approach that prioritizes near-term costs."
S9-C-1,Center,"Maine Lawmakers Debate Energy Policy Amid Concerns Over Household Costs","Energy affordability has become the central issue in the Maine legislature as representatives consider various bills aimed at lowering electricity and heating bills. The state's aggressive climate policies, which include mandates for wind and solar energy, have come under scrutiny as residents face rising utility costs. Democratic and Republican lawmakers have both proposed legislation for tax credits and other forms of relief, but they remain divided on the long-term direction of the state's energy strategy. The debate reflects a national trend of states struggling to balance environmental mandates with the practical economic concerns of their constituents in a period of high inflation."
S9-C-2,Center,"Maine's Energy Future: Bipartisan Effort to Address Rising Utility Rates","The Maine legislature is currently a focal point for a debate on the costs associated with the state's environmental goals. Lawmakers are agreeing that 'affordability is key' as they review the performance of the state's current energy programs. While some advocate for continuing the push toward 100% renewable energy, others are calling for a more flexible approach that includes a wider variety of energy sources to keep costs down. A proposed energy tax credit is seen as a possible compromise that could provide relief to consumers without requiring a total overhaul of the state's existing climate legislation, which has been a point of pride for many Maine residents."
S9-LR-1,Lean Right,"Maine's High Energy Costs Force a Reassessment of Aggressive Green Mandates","The reality of high energy prices is catching up with Maine's radical climate policies, as lawmakers are forced to admit that consumers 'cannot bear' the cost of the green transition. For years, the state pushed expensive mandates that favored unreliable wind and solar power, leading to the current affordability crisis. Now, there is a growing movement to prioritize the needs of Maine families by slowing down these mandates and focusing on more affordable and reliable energy sources. This shift toward a more balanced energy policy is seen as a necessary step in protecting the state's economy and ensuring that residents aren't forced to choose between heating their homes and other essentials."
S9-LR-2,Lean Right,"Pressure Mounts on Maine Lawmakers to Provide Relief from Climate-Driven Costs","In a significant shift, even some of the strongest supporters of Maine's climate laws are now calling for a focus on energy affordability. The high cost of electricity, driven in part by state mandates, has become a top concern for voters. Republicans are leading the call for a total repeal of the most expensive regulations, while Democrats are proposing tax credits to offset the costs. This debate highlights the growing realization that 'green energy' is far from free and that the aggressive timelines set by politicians may be unrealistic for the average family budget. Maine is now at a crossroads between its environmental ideals and economic reality."
S9-R-1,Right,"Maine Republicans Fight to End Costly Green Mandates and Lower Energy Bills","The 'green energy' experiment in Maine has failed, leaving residents with some of the highest energy bills in the country. Republican lawmakers are now fighting to repeal the radical mandates that have driven up prices and threatened the reliability of the state's power grid. They argue that the state's focus on 'climate change' has ignored the real-world impact on families and small businesses. By ending these expensive programs and focusing on affordable energy from all sources, the GOP aims to restore sanity to the state's energy policy. This battle is a clear example of the choice between common-sense energy solutions and radical environmentalist ideology."
S9-R-2,Right,"Maine's Energy Crisis is a Direct Result of Failed Leftist Climate Policies","Maine is facing a full-blown energy crisis because of the state's obsession with radical climate goals. The high prices Mainers are paying today were predicted by those who warned that the 'green' transition would be a financial disaster. Now that the bills are coming due, leftist politicians are scrambling to pass tax credits instead of admitting their policies are the problem. We need to stop the war on reliable energy and allow the market to provide the affordable power that Maine needs to grow. It’s time to put Maine families first and stop using our energy grid as a laboratory for the green movement's failed experiments."
S9-FR-1,Far Right,"Maine's Green Tyranny Exposed: Residents Pay the Price for Climate Hoax","The radical left's climate hoax has officially bankrupted the people of Maine, as energy prices reach record highs thanks to insane 'green' mandates. These politicians have destroyed the state's energy independence and forced everyone to pay for useless wind and solar projects. Now they are trying to trick the public with 'tax credits' while they continue to shut down reliable power plants. This is a total scam designed to control the people and redistribute their wealth to the globalist green cult. We must demand a total end to all climate regulations in Maine and return to the cheap, reliable energy that our country was built on."
S9-FR-2,Far Right,"Maine Residents Revolting Against the Globalist Green Energy Scam","The people of Maine are finally waking up to the fact that they are being fleeced by the globalist green movement. The current 'affordability' debate in the legislature is just a distraction from the total failure of the climate agenda. These radical policies have turned a state with abundant resources into an energy-starved disaster zone where the poor are left in the cold. We must reject the 'net-zero' madness and the politicians who serve the international climate cabal. It’s time to take back our energy grid and end the illegal mandates that are starving Maine families for the sake of a manufactured crisis."
S10-FL-1,Far Left,"The Corporate Deregulation Experiment: A Recipe for Planetary Ecocide","Trump’s latest 'deregulatory experiment' is nothing more than a green light for corporations to commit planetary ecocide without fear of legal consequences. By removing federal oversight, the regime is gambling that profit-hungry companies will miraculously decide to stop destroying the Earth—a theory that has been debunked by every year of industrial history. This isn't an experiment; it's a deliberate dismantling of the state’s ability to protect the environment from the ravages of capitalism. We are being turned into lab rats in a world where the air and water are sold to the highest bidder while the government abdicates its most basic duty: the preservation of life."
S10-FL-2,Far Left,"Dismantling the EPA: The Regime's Fatal Experiment on the Living World","The Trump administration's attempt to 'right-size' the power grid through deregulation is a calculated move to hand total control of our environment to the energy billionaires. They are calling this an 'experiment,' but we already know the results: more pollution, more disease, and a faster trip to total climate collapse. By removing the legal frameworks that held polluters accountable, the government is effectively legalizing the destruction of the Earth for profit. This move exposes the inherent conflict between a healthy ecosystem and a system that requires infinite growth on a finite planet. We must stop this experiment before it ends our future."
S10-L-1,Left,"Trump's Deregulatory Push Jeopardizes Decades of Environmental Progress","The Trump administration's sweeping efforts to dismantle federal climate rules are being described by analysts as a 'high-stakes experiment' with the nation's future. By revoking the legal basis for emissions standards and stripping the EPA of its power, the government is betting that the private sector will voluntarily reduce pollution. However, environmental experts warn that without federal mandates, corporations will inevitably prioritize short-term profits over long-term sustainability. This move leaves the U.S. without a cohesive national strategy to address the climate crisis, potentially causing irreversible damage to the environment and leaving the country poorly prepared for the challenges of an increasingly unstable global climate."
S10-L-2,Left,"Analysts Warn of 'Permanent Damage' as U.S. Abandons Climate Oversight","The decision to move away from federal climate regulations is a dangerous retreat from the global effort to limit planetary warming. This 'deregulatory experiment' by the Trump administration effectively ends the government's role in controlling greenhouse gas pollution, a move that critics say will lead to 'permanent' damage to the people and the planet. By siding with the fossil fuel industry, the administration is ignoring the warnings of scientists and the needs of future generations. As federal protections vanish, the burden of fighting climate change falls entirely on states and cities, creating a fragmented and ineffective response to a crisis that requires a unified national and international effort."
S10-LL-1,Lean Left,"Trump’s Environmental Strategy Focuses on Market Innovation Over Mandates","The current administration is embarking on a new path for environmental policy, one that emphasizes deregulation and market-driven innovation rather than federal mandates. This approach, which officials call a 'one-two punch to the climate agenda,' aims to stimulate economic growth by removing what the administration sees as burdensome regulations. While supporters argue this will allow companies to develop new, cleaner technologies on their own, skeptical observers worry that the lack of clear targets will slow the overall pace of decarbonization. This experimental shift represents a fundamental change in how the United States approaches the balance between economic productivity and environmental protection in the 2020s."
S10-LL-2,Lean Left,"The New EPA Philosophy: A Test of Corporate Environmental Responsibility","Under the leadership of Lee Zeldin, the EPA is transitioning into a facilitator for industry rather than a regulator of pollution. This new 'experiment' in environmental governance is based on the belief that a less-regulated economy is more capable of solving the climate crisis through technological breakthroughs. However, many policy experts believe that without the 'stick' of federal regulation, the 'carrot' of market incentives will be insufficient to achieve the rapid emissions reductions needed to avoid the worst climate outcomes. The success of this strategy will be closely monitored as the administration continues to roll back landmark policies from the previous decade."
S10-C-1,Center,"Trump Administration’s Deregulation Marks Fundamental Shift in Climate Policy","The U.S. government is currently undergoing a period of significant regulatory change, as the Trump administration works to repeal major climate policies established under previous presidents. This shift, which includes the removal of the Endangerment Finding and the exit from international treaties, is being framed as an 'experiment' in a new style of government intervention. The goal is to drive decarbonization through economic growth and individual state action rather than federal oversight. While the administration touts this as a victory for efficiency, environmental groups are concerned about the long-term impact on the country's carbon emissions and its standing in the global scientific community."
S10-C-2,Center,"Deregulatory Strategy Tested as U.S. Moves Away from Federal Emissions Standards","The EPA’s new direction represents a significant test of the power of deregulation to shape the national energy landscape. By removing the legal underpinnings for greenhouse gas limits, the Trump administration is allowing the market to dictate the future of the energy and automotive sectors. Proponents of the move say it will lower costs for consumers and foster a more competitive industrial environment. Conversely, critics argue that the move creates a 'rulebook unwritten' that could lead to increased pollution and legal battles between states and the federal government. The outcome of this policy experiment will likely determine the future of American environmental law for years to come."
S10-LR-1,Lean Right,"Trump Administration’s Deregulatory Moves Unleash American Economic Potential","The Trump administration is taking a bold new approach to environmental policy by replacing restrictive mandates with a focus on deregulation and economic freedom. This 'experiment' is based on the common-sense idea that a prosperous nation is better equipped to protect its environment than one burdened by government red tape. By removing the threat of the EPA, the administration is encouraging companies to invest in the next generation of energy technology without the fear of constantly changing federal rules. This shift toward a more market-oriented approach is expected to lower energy prices, create jobs, and ensure that the U.S. remains the world leader in industrial innovation."
S10-LR-2,Lean Right,"End of 'Regulation by Decree' Marks New Era of American Energy Dominance","The recent rollbacks of climate mandates are part of a broader plan to end the era of government overreach and return power to the private sector. The administration's 'deregulatory experiment' is a historic attempt to prove that environmental progress is best achieved through a strong economy and individual initiative. By getting the federal government out of the climate business, the EPA is allowing states and businesses to find the most efficient and affordable solutions for their own energy needs. This move is a victory for the rule of law and a rejection of the idea that unelected bureaucrats should have the power to control every aspect of our lives."
S10-R-1,Right,"Trump's Largest Deregulatory Action Frees Economy from Globalist Climate Chains","President Trump has officially launched the largest deregulatory action in American history, freeing our economy from the shackles of the globalist climate agenda. This 'experiment' in freedom is already showing results, as businesses are now able to invest and grow without the constant threat of radical EPA mandates. By ending the era of 'regulation by litigation,' the administration is protecting American jobs and ensuring that our energy policy is determined by our own needs rather than international treaties. This is a total win for the American worker and a clear message that the U.S. will no longer let 'junk science' dictate our economic future."
S10-R-2,Right,"Common Sense Returns to Washington as Trump Smashes the Climate Bureaucracy","The Trump administration’s plan to dismantle the radical environmental bureaucracy is a historic win for common sense and American sovereignty. For years, the 'climate agenda' was used as an excuse to destroy our industry and empower unelected bureaucrats. Now, under the President’s leadership, we are seeing a return to policies that favor the American people. This isn't an 'experiment'; it’s a restoration of the proper role of government. By removing these illegal mandates, we are lowering the cost of living for every family and ensuring that America remains a land of freedom and prosperity, free from the burden of the green energy scam."
S10-FR-1,Far Right,"Trump Crushes the Green Grift: The Largest Deregulation in History is Here","President Trump has officially begun the total destruction of the radical green movement's power in America. This historic 'deregulation experiment' is actually a liberation movement, freeing our country from the illegal and fraudulent climate mandates that have been used to steal our wealth for decades. The globalist elite are panicking because they are losing their ability to track our carbon footprints and control our movement. This is a total victory for freedom, energy dominance, and the American way of life. We are finally ending the reign of the climate cult and putting America first, exactly where it belongs."
S10-FR-2,Far Right,"The Green Tyranny Falls: Trump Liberates America from the Climate Cabal","The era of the climate cabal is over. President Trump has launched a massive strike against the globalist elite by dismantling the entire machinery of the green energy scam. They call it an 'experiment' because they are terrified of a world where they can't use the 'environment' to control us. This is the greatest win for freedom in our lifetime: we are taking back our energy, our industry, and our future from the radical left and their international handlers. The U.S. is now a beacon of freedom in a world that has been brainwashed by the climate hoax. We will never again let a government tell us how to live our lives."