id,leaning,headline,additional_text
S1-L-1,Left,GOP Forces Through $70 Billion for Trump’s Deportation Agenda Without Oversight,"Bypassing unified Democratic opposition, congressional Republicans used a reconciliation process to approve a massive $70 billion funding package for ICE and Border Patrol, granting the agencies vast resources for the remainder of the president's term while entirely ignoring demands for human rights guardrails."
S1-L-2,Left,Republicans Hand Trump Billions for ICE Rejecting Calls for Agency Reform,"In a strict party-line vote of 214-212, the House approved an immigration enforcement bill that supercharges the administration's mass deportation efforts. Republican lawmakers declined to implement any legislative restrictions on how federal agents operate, shielding the agencies from accountability."
S1-L-3,Left,Controversial $70B Immigration Package Clears Congress Amid Dispute Over ""Slush Fund"",""Despite fierce backlash over an unrelated ""anti-weaponization"" fund designed to compensate political allies, the Republican-led Senate and House pushed through a $70 billion funding bill for federal immigration enforcement agencies, effectively rubber-stamping the president's hardline border policies."
S1-L-4,Left,GOP Votes to Vastly Expand Immigration Enforcement with $70 Billion Package,"Turning a blind eye to ongoing human rights concerns at detention centers, Republican lawmakers successfully forced a reconciliation bill through Congress that secures $70 billion for ICE and Customs and Border Protection (CBP), locking in the administration's harsh migration tactics through 2029."
S1-LL-1,Lean Left,House Narrowly Passes $70B Bill to Fund Trump's Immigration Crackdown,"The House of Representatives voted 214-212 along party lines to advance a $70 billion package funding ICE and Border Patrol. The legislation, which bypassed the need for Democratic support, ensures funding for the administration's deportation policies through the end of the president's term."
S1-LL-2,Lean Left,Partisan $70 Billion Immigration Enforcement Bill Heads to Trump's Desk,"Congressional Republicans utilized the budget reconciliation process to approve billions in long-term funding for the Department of Homeland Security's immigration functions, overcoming unified Democratic opposition and avoiding the implementation of any new operational guardrails on the agencies."
S1-LL-3,Lean Left,Republicans Push Through Border Funding Package Despite Internal Divides,"After months of gridlock and debate over a controversial ""anti-weaponization"" settlement fund, the Senate and House successfully passed a $70 billion measure securing operations for federal immigration agencies for the next three years, cementing a major legislative priority for the White House."
S1-LL-4,Lean Left,Congress Delivers $70B to ICE and Border Patrol Over Democratic Objections,"Steering around calls for comprehensive reform, the GOP rallied to send a massive immigration enforcement package to the White House. The bill allocates nearly $70 billion to sustain the president’s strict migration enforcement operations until 2029."
S1-C-1,Center,Congress Approves $70 Billion Immigration Enforcement Funding Bill,"The U.S. House and Senate have passed a budget reconciliation package allocating approximately $70 billion to fund Immigration and Customs Enforcement (ICE) and Customs and Border Protection (CBP) through the remainder of President Donald Trump's current term."
S1-C-2,Center,House Passes $70B Measure for ICE and Border Patrol in 214-212 Vote,"In a strict party-line vote, House Republicans approved legislation to finance federal immigration agencies. The bill, which already cleared the Senate by a 52-47 margin, now heads to the president's desk for his signature, ending a months-long funding debate."
S1-C-3,Center,$70 Billion Homeland Security Funding Package Clears Congress,"Lawmakers finalized the passage of the Secure America Act, a legislative package providing tens of billions of dollars to the Department of Homeland Security. The funds are designated for immigration and border control operations until 2029."
S1-C-4,Center,Congress Sends Multi-Year Immigration Funding Bill to the White House,"Following extensive debate, Congress utilized the reconciliation process to bypass a 60-vote threshold in the Senate, passing a $70 billion bill to sustain federal immigration enforcement agencies and related border security operations for the next three years."
S1-LR-1,Lean Right,Congress Delivers Legislative Victory with $70 Billion Border Security Package,"Ending months of legislative gridlock, congressional Republicans united to pass a $70 billion funding bill that ensures ICE and Border Patrol agents have the necessary resources to enforce the nation's immigration laws and secure the border through 2029."
S1-LR-2,Lean Right,House Passes Measure to Fully Fund ICE and Enhance Immigration Enforcement,"The House of Representatives approved the Secure America Act in a 214-212 vote, successfully securing crucial, long-term funding for federal law enforcement agencies and advancing the administration's overarching border security agenda."
S1-LR-3,Lean Right,Republicans Overcome Gridlock to Pass Major Immigration Funding Bill,"Overcoming opposition from Democrats, Republican lawmakers advanced a nearly $70 billion reconciliation package to fully fund the Department of Homeland Security's immigration operations, prioritizing national security and border control for the next three years."
S1-LR-4,Lean Right,$70B Package Passed to Support Border Patrol and ICE Operations,"Congress has officially sent a massive immigration enforcement bill to the president's desk, delivering on key legislative priorities by locking in funding for CBP and ICE to maintain community safety and robust border enforcement operations."
S1-R-1,Right,GOP Defeats Democratic Obstruction Passes Landmark $70B Border Security Bill,"House and Senate Republicans secured a stunning victory for the administration's immigration agenda, passing a $70 billion package that fully funds ICE and Border Patrol while effectively ending months of partisan delays and obstruction by anti-borders Democrats."
S1-R-2,Right,Congress Delivers Massive Win for Trump Securing ICE Funding Through End of Term,"Handing the White House a major legislative win, the GOP-led Congress pushed through the Secure America Act, ensuring that federal law enforcement agents have the billions they need to safely execute immigration operations and crack down on illegal crossings."
S1-R-3,Right,House Passes Essential Border Patrol Funding Over Radical Left's Objections,"Standing up for national security, Republicans successfully utilized the reconciliation process to pass a $70 billion bill that equips ICE and CBP with the resources necessary to implement robust deportations and protect American communities from open-border policies."
S1-R-4,Right,Historic $70 Billion Package Secures the Border and Fully Funds Law Enforcement,"Putting an end to attempts to defund immigration enforcement, the Republican majority passed a sweeping package that provides unyielding financial backing to Homeland Security agencies, guaranteeing strong border protection for the remainder of the president's term."
S2-L-1,Left,Trump Threatens to Defy Supreme Court and Bypass Constitution on Birthright Citizenship,"Following a crushing 6-3 Supreme Court defeat, President Trump is refusing to accept the ruling on birthright citizenship. Instead of acknowledging the 14th Amendment, Trump is demanding that Congress pass a legally dubious law to eliminate the constitutional right, signaling a dangerous willingness to ignore the nation's foundational legal principles to push his anti-immigrant agenda."
S2-L-2,Left,Justice Jackson Delivers Scathing Rebuke of Thomas in Historic Birthright Ruling,"In a powerful concurring opinion, Justice Ketanji Brown Jackson dismantled Justice Clarence Thomas's dissent against birthright citizenship, accusing him of echoing the abhorrent logic of the Dred Scott decision. The 6-3 ruling safeguards the citizenship of millions, delivering a major blow to the Trump administration's sweeping efforts to target immigrant communities."
S2-L-3,Left,MAGA Base Spirals into Extremism Following Supreme Court Defeat on Citizenship,"After the Supreme Court rejected President Trump's xenophobic attempt to end birthright citizenship, his media allies erupted in outrage, with some openly calling for draconian measures such as the forced sterilization of foreigners. The alarming rhetoric exposes the deep-seated nativism driving the administration's relentless push to strip away constitutional protections."
S2-L-4,Left,Trump Demands Constitutionally Impossible Congressional Workaround After SCOTUS Snub,"Unable to accept his devastating loss at the Supreme Court, President Trump is demanding a legislative workaround to strip birthright citizenship from the children of undocumented immigrants. Legal experts warn that Trump's proposal blatantly misunderstands the Constitution and represents a continuing, authoritarian assault on the 14th Amendment."
S2-LL-1,Lean Left,Supreme Court Deals Major Blow to Trump's Anti-Immigration Agenda,"The Supreme Court has struck down President Trump's controversial executive order aimed at ending birthright citizenship. In response to the 6-3 ruling, a defiant Trump immediately urged Congress to pass legislation to restrict the practice, setting the stage for a prolonged and constitutionally questionable fight over the 14th Amendment."
S2-LL-2,Lean Left,Trump Turns to Congress After Supreme Court Upholds Birthright Citizenship,"Refusing to concede defeat after the Supreme Court preserved birthright citizenship, President Trump is pushing Republican lawmakers to bypass the ruling through federal legislation. Civil rights advocates celebrated the Court's decision, which protects the citizenship status of millions, while warning that Trump's new legislative strategy still poses a threat to immigrant families."
S2-LL-3,Lean Left,Divided Supreme Court Affirms 14th Amendment Rights in Blow to White House,"In a landmark decision, the Supreme Court upheld the long-standing constitutional guarantee of birthright citizenship, rejecting the Trump administration's attempt to rewrite the law via executive order. The ruling sparked a fiery exchange between Justices Ketanji Brown Jackson and Clarence Thomas regarding the history and intent of the 14th Amendment."
S2-LL-4,Lean Left,Advocates Celebrate Birthright Citizenship Ruling as Trump Plots Legislative Pivot,"Immigrant rights groups across the country are breathing a sigh of relief after the Supreme Court affirmed that children born on U.S. soil are American citizens. However, advocates warn that the fight is far from over, as President Trump and his conservative allies are already drafting legislation in Congress to circumvent the high court's decision."
S2-C-1,Center,Supreme Court Strikes Down Trump Executive Order on Birthright Citizenship,"The U.S. Supreme Court ruled 6-3 to invalidate President Donald Trump’s executive order that sought to end automatic citizenship for children born in the U.S. to non-citizens. The decision reaffirms the traditional interpretation of the 14th Amendment's Citizenship Clause."
S2-C-2,Center,Trump Urges Congressional Action Following Supreme Court Citizenship Defeat,"Hours after the Supreme Court rejected his attempt to limit birthright citizenship, President Trump called on Congress to pass legislation ending the practice. Trump indicated that he would support lawmakers in finding a legislative workaround to achieve his administration's immigration policy goals."
S2-C-3,Center,Justices Clash Over 14th Amendment as Court Upholds Birthright Citizenship,"The Supreme Court's ruling to preserve birthright citizenship featured stark divisions among the justices. Justice Ketanji Brown Jackson strongly defended the decision in her concurring opinion, while dissenting Justices Clarence Thomas and Samuel Alito argued the majority misinterpreted the historical context of the Constitution."
S2-C-4,Center,Congress Pushes for Legislation After SCOTUS Rules on Birthright Citizenship,"Following the Supreme Court's decision to maintain birthright citizenship, Republican lawmakers and the Trump administration are exploring new legislative avenues to curb the practice. The ruling shifts the debate from executive authority to the halls of Congress, where proposals are already being drafted."
S2-LR-1,Lean Right,Republicans Seek Legislative Workaround After SCOTUS Birthright Ruling,"Following a disappointing Supreme Court decision that struck down President Trump's executive order on birthright citizenship, GOP lawmakers are racing to address the issue in Congress. The president is urging swift legislative action to close what conservatives view as a multibillion-dollar loophole encouraging illegal immigration."
S2-LR-2,Lean Right,Trump Calls on Congress to End Birthright Citizenship Following Court Setback,"Despite the Supreme Court ruling 6-3 to uphold birthright citizenship, President Trump remains committed to reforming the nation's immigration system. Trump brushed off the decision as a temporary roadblock and is now pressuring Congress to pass a law that restricts automatic citizenship for the children of illegal immigrants."
S2-LR-3,Lean Right,Justice Alito Warns of National Security Risks in Birthright Citizenship Decision,"In a sharp dissent against the Supreme Court's birthright citizenship ruling, Justice Samuel Alito warned that the majority made a 'serious mistake' that could have severe national security consequences. Alito argued that the decision wrongly extends citizenship to children of temporary visitors and illegal immigrants."
S2-LR-4,Lean Right,Congress Must Now Legislate to Fix Broken Birthright Citizenship System,"The Supreme Court has blocked the administration's executive efforts to curb birthright citizenship, shifting the responsibility directly to the legislative branch. President Trump and conservative leaders argue that the current interpretation of the 14th Amendment is a magnet for 'birth tourism' and must be corrected by Congress."
S2-R-1,Right,Congress Steps Up to End Birthright Citizenship Loophole After SCOTUS Failure,"The Supreme Court delivered a disastrous 6-3 ruling upholding birthright citizenship, effectively rewarding illegal immigration and birth tourism. Undeterred, President Trump and conservative champions in Congress are launching a massive legislative push to ban the practice and protect the true value of American citizenship."
S2-R-2,Right,Justice Thomas Torches SCOTUS Majority for Devaluing American Citizenship,"In a scathing dissent, Justice Clarence Thomas shredded the Supreme Court's decision to grant automatic citizenship to the children of illegal aliens. Thomas and Justice Alito correctly noted that the ruling is a massive constitutional mistake that undermines national sovereignty and creates dangerous incentives at the border."
S2-R-3,Right,Trump Demands Immediate Congressional Action to Reverse Flawed SCOTUS Ruling,"Refusing to back down, President Trump slammed the Supreme Court's decision protecting birthright citizenship as a 'win for China' and demanded Congress act immediately. The president laid out a clear roadmap for lawmakers to pass legislation that will finally end this expensive and unfair burden on the American taxpayer."
S2-R-4,Right,The Supreme Court Just Made a Disastrous Mistake on the 14th Amendment,"By ruling that anyone born on U.S. soil is automatically a citizen, the Supreme Court has opened the floodgates for mass migration. As Justice Alito warned, this grotesque misinterpretation of the 14th Amendment threatens our national security, leaving Congress as the last line of defense to pass legislation banning birthright citizenship."
S3-L-1,Left,Supreme Court Blesses Trump’s Cruel Plan to Deport Hundreds of Thousands of Haitians and Syrians,"The conservative supermajority on the Supreme Court has cleared the way for the administration to strip Temporary Protected Status from roughly 350,000 Haitians and 6,000 Syrians. Immigrant advocates and faith leaders are warning that this devastating ruling will tear families apart and force vulnerable refugees to return to life-threatening conditions in crisis-stricken countries."
S3-L-2,Left,Right-Wing Supreme Court Enables Trump's Racist Mass Deportation Agenda,"In a deeply alarming 6-3 decision, the Supreme Court ruled that the administration can end TPS protections for Haitian and Syrian refugees, bypassing judicial review. Critics argue this decision ignores the administration's well-documented racial bias and effectively issues a death sentence to hundreds of thousands of people who have built their lives in the U.S."
S3-L-3,Left,Outrage as SCOTUS Strips Deportation Protections from Vulnerable Immigrant Communities,"Progressive lawmakers and civil rights groups are condemning the Supreme Court’s decision to allow the termination of Temporary Protected Status for Haitians and Syrians. Activists warn that returning over 350,000 individuals to nations plagued by violence and instability represents a catastrophic moral failure and a blatant attack on Black and brown immigrants."
S3-L-4,Left,SCOTUS Gives Trump a Green Light to Send 350000 Haitians Back to Humanitarian Crisis,"Ignoring pleas from human rights organizations, the Supreme Court has ruled that the Trump administration holds unreviewable power to revoke TPS designations. This callous decision paves the way for the mass expulsion of Haitian and Syrian families, sacrificing human lives to fulfill the administration's extreme anti-immigrant agenda."
S3-LL-1,Lean Left,Supreme Court Ruling Sparks Fear of Mass Deportation in Haitian and Syrian Communities,"The U.S. Supreme Court's 6-3 decision to let the Trump administration end Temporary Protected Status has sent shockwaves through immigrant neighborhoods. With protections stripped from nearly 350,000 Haitians and 6,000 Syrians, local leaders are bracing for a devastating humanitarian and economic impact as families face the looming threat of removal."
S3-LL-2,Lean Left,Immigrants Reel as SCOTUS Allows Trump to End TPS Protections,"Communities across the country are expressing profound fear and uncertainty after the Supreme Court authorized the termination of Temporary Protected Status for Haiti and Syria. Democratic officials and advocates are strongly criticizing the ruling, noting that returning these individuals to unstable regions could lead to unnecessary suffering and family separations."
S3-LL-3,Lean Left,Supreme Court Sides with Trump Ending Deportation Shield for Hundreds of Thousands,"A divided Supreme Court has ruled that federal courts cannot review the administration's decisions to revoke TPS. The ruling exposes over 350,000 Haitian and Syrian immigrants—many of whom have lived and worked legally in the U.S. for years—to imminent deportation, prompting widespread protests and vigils."
S3-LL-4,Lean Left,Advocates Warn of Humanitarian Crisis as SCOTUS Clears Path to End TPS,"Following the Supreme Court's decision to uphold the Trump administration's rollback of Temporary Protected Status, immigration advocates are sounding the alarm. The ruling removes crucial legal safeguards for Haitians and Syrians, leaving hundreds of thousands vulnerable to being sent back to countries still grappling with severe crises."
S3-C-1,Center,Supreme Court Rules Trump Administration Can End TPS for Haitians and Syrians,"In a 6-3 decision, the U.S. Supreme Court ruled that the administration has the authority to terminate Temporary Protected Status for approximately 350,000 Haitians and 6,000 Syrians. The ruling determines that federal courts generally lack the jurisdiction to review the Department of Homeland Security's decisions regarding TPS designations."
S3-C-2,Center,SCOTUS Clears Path for Termination of Temporary Protected Status,"The Supreme Court handed a victory to the Trump administration on Thursday, ruling that it can move forward with plans to end deportation protections for certain migrants. The decision affects hundreds of thousands of individuals from Haiti and Syria, reversing lower court injunctions that had previously halted the administration's policy."
S3-C-3,Center,High Court Allows Administration to Strip Deportation Protections,"A divided Supreme Court has concluded that the executive branch has broad discretion to end Temporary Protected Status. The ruling exposes roughly 350,000 Haitian and Syrian immigrants to potential deportation, while advocates and local officials express concern over the logistical and economic impacts of the impending removals."
S3-C-4,Center,Supreme Court Sides with Administration in Major TPS Immigration Case,"The Supreme Court ruled Thursday that the Trump administration may revoke the Temporary Protected Status granted to nationals from Haiti and Syria. The 6-3 opinion states that the law bars judicial review of the executive branch's process for ending the humanitarian program, clearing a major legal hurdle for the administration's immigration policies."
S3-LR-1,Lean Right,Supreme Court Upholds Trump Administration's Authority to End Temporary Protections,"In a significant legal victory for the Trump administration, the Supreme Court ruled 6-3 that the government can terminate Temporary Protected Status for Haitian and Syrian migrants. The decision affirms that the executive branch has the legal discretion to end the program, emphasizing that TPS was never intended to be a permanent immigration solution."
S3-LR-2,Lean Right,SCOTUS Reaffirms Executive Branch's Broad Discretion Over TPS Designations,"The Supreme Court has cleared the way for the administration to end Temporary Protected Status for hundreds of thousands of immigrants. By overturning lower court injunctions, the conservative majority reinforced the rule of law, noting that federal judges do not have the authority to second-guess the Department of Homeland Security's immigration enforcement decisions."
S3-LR-3,Lean Right,High Court Rules Administration Can Proceed with Phasing Out TPS,"Recognizing the inherently temporary nature of the program, the Supreme Court validated the Trump administration's decision to revoke TPS for Haitians and Syrians. The ruling removes judicial roadblocks that had prevented the government from enforcing standard immigration laws and returning migrants once the extraordinary conditions in their home countries had passed."
S3-LR-4,Lean Right,Supreme Court Hands Trump an Immigration Win Allowing End of TPS,"The U.S. Supreme Court ruled that the administration has the unreviewable authority to end Temporary Protected Status for roughly 350,000 individuals. The 6-3 decision supports the administration's efforts to curb the indefinite extension of temporary relief programs and restore proper enforcement of the nation's immigration statutes."
S3-R-1,Right,Supreme Court Delivers Massive Victory for Trump Ending TPS Loophole,"In a major win for national sovereignty, the Supreme Court ruled 6-3 that the Trump administration can finally end Temporary Protected Status for Haitians and Syrians. The ruling stops liberal activist judges from blocking the president's lawful immigration agenda and correctly recognizes that temporary protections should not become a backdoor to permanent amnesty."
S3-R-2,Right,SCOTUS Crushes Democrats' Attempts to Protect Unlawful TPS Extensions,"Delivering a fatal blow to the left's open-borders agenda, the Supreme Court affirmed the administration's right to revoke TPS designations for over 350,000 migrants. The decision reasserts the rule of law, ensuring that humanitarian programs cannot be indefinitely abused to prevent the lawful deportation of foreign nationals."
S3-R-3,Right,High Court Confirms Trump's Authority to Terminate 'Temporary' Migrant Status,"The Supreme Court has rightfully concluded that the federal government possesses the absolute authority to end Temporary Protected Status. This landmark 6-3 ruling ends years of judicial overreach and allows the Trump administration to proceed with its mandate to enforce immigration laws and remove hundreds of thousands of Haitians and Syrians."
S3-R-4,Right,Supreme Court Stops Judicial Interference Approves TPS Rollback,"A decisive 6-3 Supreme Court ruling has cleared the path for the Trump administration to dismantle the widely abused Temporary Protected Status program. Refusing to bend to the hysteria of open-borders advocates, the conservative majority secured a crucial victory for immigration enforcement, confirming that the executive branch has full power to end these temporary amnesties."
S4-L-1,Left,Trump's Xenophobic Green Card Policy Punishes Legal Immigrants,"The Trump administration has launched a cruel attack on legal immigration by requiring temporary visa holders to leave the U.S. to apply for green cards. Critics and immigration advocates condemn the move as an absurd, xenophobic effort designed to separate families, disrupt the lives of workers and students, and deliberately sabotage the legal immigration process under the guise of bureaucratic rule changes."
S4-L-2,Left,Absurd New Rule Threatens to Strand Green Card Seekers Abroad,"In a devastating blow to immigrant communities, the Trump administration's new USCIS directive forces legal residents to return to their home countries to process their permanent residency applications. This sweeping and immoral policy effectively ends a decades-old practice, threatening to tear apart mixed-status families and strand hardworking individuals overseas."
S4-L-3,Left,Administration Sabotages Legal Immigration with Cruel Green Card Directive,"Weaponizing federal agencies against immigrants, the Trump administration is ending routine in-country status adjustments. By forcing green card applicants to risk prolonged separations from their jobs and families by applying from abroad, the White House is continuing its draconian, anti-immigrant agenda, turning a standard administrative process into a nightmare."
S4-L-4,Left,Trump Moves to Strand Legal Residents Abroad in Sweeping Anti-Immigrant Push,"The latest immigration directive from the Trump administration maliciously targets legal visa holders by demanding they depart the United States to apply for green cards. Immigration lawyers warn this profoundly disruptive and unnecessary rule change will intentionally trap hundreds of thousands of immigrants in bureaucratic limbo outside the country."
S4-LL-1,Lean Left,New Trump Policy Forces Green Card Applicants to Leave the US,"Upending a half-century of established practice, the Trump administration announced that foreign nationals seeking green cards must now return to their home countries to apply. The unexpected policy shift has sowed widespread confusion and anxiety among temporary visa holders, who now face potential job losses and lengthy family separations."
S4-LL-2,Lean Left,Green Card Rule Change Disrupts Immigrants' Lives and Sows Confusion,"The U.S. Citizenship and Immigration Services has drastically altered the path to permanent residency, mandating that most applicants leave the country to process their paperwork. Advocates warn that this sudden shift makes legal immigration significantly harder and will severely disrupt the lives of hundreds of thousands of international students, workers, and their families."
S4-LL-3,Lean Left,Trump Administration Upends Decades-Old Green Card Process,"In a move that experts say will drastically curtail legal immigration, the Trump administration is effectively eliminating the 'adjustment of status' process for most temporary visa holders in the U.S. Requiring applicants to apply from embassies abroad places an enormous burden on immigrants already legally residing in the country."
S4-LL-4,Lean Left,Families Face Separation as USCIS Restricts In-Country Green Card Applications,"A surprise USCIS policy change will now require most immigrants seeking permanent residency to leave the U.S. and apply through consular processing in their home countries. Legal experts note this sudden restriction on adjusting status from within the U.S. will likely result in prolonged family separations and economic instability for affected residents."
S4-C-1,Center,Trump Administration Announces Major Changes to Green Card Application Process,"The Trump administration has issued a new policy requiring most foreign nationals currently living in the U.S. on temporary visas to return to their home countries to apply for permanent residency. The U.S. Citizenship and Immigration Services memo states that adjusting status from within the U.S. will now only be permitted under extraordinary circumstances."
S4-C-2,Center,USCIS Requires Most Temporary Visa Holders to Apply for Green Cards Abroad,"U.S. Citizenship and Immigration Services announced Friday that individuals seeking a green card must generally complete the application process at a consulate outside the United States. The policy marks a significant shift from the longstanding practice that allowed foreigners with temporary legal status to adjust their status without leaving the country."
S4-C-3,Center,New Immigration Policy Halts Routine Status Adjustments Within the US,"Under a new directive from the Trump administration, temporary visa holders—including students and workers—seeking to become lawful permanent residents must apply from their countries of origin. The USCIS stated this change aims to return to the original intent of immigration laws, though the move has prompted concerns regarding processing delays."
S4-C-4,Center,Green Card Seekers Must Now Return to Home Countries Under New USCIS Memo,"A sweeping policy change by the Trump administration will compel hundreds of thousands of green card applicants to leave the United States during the application process. According to immigration officials, exceptions allowing applicants to remain in the country will only be granted on a case-by-case basis for those providing a specific national or economic interest."
S4-LR-1,Lean Right,Trump Administration Closes Green Card Loophole for Temporary Visa Holders,"In an effort to restore order to the immigration system, the Trump administration announced that temporary visa holders must return to their home countries to apply for a green card. The USCIS policy seeks to close a longstanding loophole that allowed nonimmigrants to routinely adjust their status from within the U.S. rather than going through proper consular channels."
S4-LR-2,Lean Right,USCIS Tightens Green Card Rules to Restore Original Intent of Immigration Law,"The U.S. Citizenship and Immigration Services has updated its policies to require green card applicants to file from outside the country, returning to what officials describe as the original legislative intent of the law. The move limits the 'adjustment of status' mechanism, ensuring that temporary visas are used for their defined, limited purposes."
S4-LR-3,Lean Right,New Policy Requires Green Card Applicants to Process from Home Countries,"Aiming to streamline the immigration process and prevent the misuse of temporary visas, the Trump administration will now require most green card seekers to apply from their home nations. Officials noted that adjusting status from within the United States will revert to being an extraordinary measure rather than an automatic entitlement."
S4-LR-4,Lean Right,US Immigration Services Restricts Automatic Status Adjustments for Visa Holders,"The Trump administration is taking steps to tighten access to permanent residency by ending the routine practice of allowing temporary visitors to apply for green cards from within the U.S. This policy shift is intended to ensure applicants navigate the legal immigration framework as originally designed by Congress."
S4-R-1,Right,Trump Ends Abuse of Immigration System by Closing Massive Green Card Loophole,"President Trump's administration delivered a massive victory for the rule of law by shutting down a backdoor loophole that allowed foreign nationals to skip the line for permanent residency. By requiring temporary visa holders to return home to apply for a green card, the administration is stopping the rampant abuse of the 'adjustment of status' process."
S4-R-2,Right,Administration Stops Visa Holders from Skipping the Line for Permanent Residency,"Putting an end to decades of administrative overreach, USCIS will no longer allow immigrants to automatically convert temporary stays into permanent green cards from within the United States. This crucial enforcement measure ensures that foreign nationals follow the proper legal channels and apply from their home countries as the law originally intended."
S4-R-3,Right,Trump Enforces the Rule of Law by Requiring Green Card Applicants to Apply from Abroad,"The Trump administration has officially ended the honor system that let temporary migrants easily claim permanent residency without leaving American soil. The new USCIS directive demands that green card seekers return home and wait in line like everyone else, marking a major step toward securing the nation's immigration system against bureaucratic loopholes."
S4-R-4,Right,USCIS Shuts Down Backdoor Pathway to Green Cards Used by Temporary Migrants,"Delivering on promises to restore integrity to legal immigration, the Trump administration has blocked a major loophole exploited by hundreds of thousands of foreign nationals. By classifying in-country status adjustments as an extraordinary relief rather than a right, the federal government is finally forcing temporary migrants to respect the conditions of their visas."
S5-L-1,Left,Masked ICE Agents Defy Federal Judge's Ban to Arrest Migrant at NYC Courthouse,"In a blatant display of lawlessness, federal immigration agents conducted an arrest at Manhattan's 26 Federal Plaza less than 24 hours after a federal judge prohibited the practice. Civil rights advocates are outraged, warning that the administration’s rogue deportation force is actively trampling on legal orders and terrifying vulnerable immigrants who are simply trying to exercise their constitutional right to attend court hearings."
S5-L-2,Left,Federal Judge Shuts Down Trump's 'Arbitrary and Cruel' Courthouse Arrest Policy Nationwide,"Advocates scored a massive victory for human rights after a federal judge issued a nationwide injunction blocking ICE from ambushing immigrants at courthouses. The ruling strikes down a pillar of the administration's mass deportation agenda, which critics argue gave federal agents unchecked power to stalk court corridors, terrifying families and blocking access to justice for those navigating the legal system."
S5-L-3,Left,Trump’s Deportation Force Tramples on Due Process with Illegal Courthouse Abductions,"Immigrant communities are reeling after ICE agents ignored a judicial order and arrested an individual inside a New York immigration court. Legal advocates condemn the move as part of a broader, systemic assault on the rule of law, forcing asylum seekers into an impossible choice between skipping mandatory hearings or facing immediate, unlawful detention by aggressive federal authorities."
S5-L-4,Left,Activists Sound the Alarm as ICE Continues Terror Tactics Despite Federal Courthouses Ban,"Civil liberties groups have launched fierce protests after federal agents willfully flouted a newly issued court order banning non-criminal detentions inside court buildings. Watchdogs emphasize that allowing the administration to convert essential legal facilities into hunting grounds destroys community trust and deliberately targets undocumented residents who are complying with federal requirements."
S5-LL-1,Lean Left,Federal Judge Blocks ICE Courthouse Arrests Nationwide in Blow to Trump Agenda,"A federal judge in California has delivered a sharp setback to the administration's immigration strategy by vacating policies that allowed civil immigration arrests at courthouses across the country. Labeling the crackdown 'arbitrary and capricious,' the judge ruled that the government completely failed to provide a rational explanation for reversing long-standing protections for individuals attending legal hearings."
S5-LL-2,Lean Left,ICE Conducts New York Arrest Just One Day After Judge Restricts Courthouse Detentions,"Tensions are escalating between federal judges and the administration after ICE agents made an arrest at a Manhattan immigration court immediately following a judicial order limiting such operations. Pro-immigrant organizations argue the quick arrest raises serious questions about the agency's willingness to comply with court-ordered restrictions designed to protect asylum seekers."
S5-LL-3,Lean Left,Courts Strike Down Administration’s Policy Allowing Immigration Arrests at Hearings,"Federal judges in New York and California have intervened to halt the practice of detaining migrants during scheduled immigration proceedings. Legal experts note that the administration's aggressive courthouse enforcement tactics have faced repeated rebukes in federal court for undermining judicial access and disrupting the standard functions of the legal system."
S5-LL-4,Lean Left,Legal Standoff Deepens as Judges Limit ICE Enforcement Inside Court Buildings,"The conflict over the administration's mass deportation efforts has shifted to the judiciary, with a second federal judge ruling that ICE cannot use courthouses as enforcement zones. While the administration defends the tactics as a streamlined way to process deportations, civil rights lawyers argue the practice cedes critical oversight and effectively panics families seeking legal status."
S5-C-1,Center,Federal Judge Issues Nationwide Block on ICE Courthouse Arrest Policy,"A federal judge in California has issued a nationwide injunction blocking Immigration and Customs Enforcement from conducting civil arrests inside immigration courthouses. The 71-page ruling states that the administration violated the Administrative Procedure Act by expanding courthouse enforcement and temporary detention times without providing adequate justification for the policy shift."
S5-C-2,Center,ICE Agents Make Arrest at Manhattan Court Following New Judicial Restriction,"U.S. Immigration and Customs Enforcement agents conducted an enforcement action at 26 Federal Plaza in New York City shortly after a federal judge restricted civil arrests at the facility. Immigrant advocacy groups confirmed the arrest took place, leading to a dispute over whether the agency's actions violated the newly issued judicial guidelines regarding exceptional circumstances."
S5-C-3,Center,Judges and Homeland Security Clash Over Civil Immigration Arrests at Courthouses,"A series of legal challenges has emerged regarding the Department of Homeland Security's policy of waiting outside or inside immigration courts to detain targets at the end of hearings. While federal judges have recently blocked the practice in multiple jurisdictions, federal officials maintain that courthouses offer a secure environment to execute active deportation orders."
S5-C-4,Center,California and New York Rulings Limit ICE Detentions Inside Immigration Courts,"Recent decisions by federal district courts have sharply restricted the administration's ability to detain noncitizens at federal courthouses. Rulings from both New York and California have reinstated previous limits on courthouse enforcement, forcing federal agencies to re-evaluate their operational guidelines for executing civil immigration warrants."
S5-LR-1,Lean Right,Biden-Appointed Judge Blocks Key Part of Trump Administration's Immigration Strategy,"A federal judge in California appointed by former President Biden has issued a sweeping nationwide block against ICE’s courthouse arrest policy. The administration had ramped up courthouse enforcement to accelerate its mass deportation efforts, arguing that capturing targets at known court dates is safer for both officers and the public than conducting riskier community roundups."
S5-LR-2,Lean Right,Federal Court Restricts ICE Arrests at Courthouses Despite Safety Arguments,"Immigration enforcement efforts faced a hurdle after a federal judge restricted the government from detaining illegal immigrants at court facilities. Homeland Security officials have defended courthouse arrests as a highly secure and controlled method for taking dangerous individuals into custody, but the court ruled that the policy lacked sufficient administrative explanation."
S5-LR-3,Lean Right,Judicial Block on Courthouse Arrests Could Force ICE Into Riskier Community Enforcement,"Immigration enforcement sources warn that a new nationwide judicial ban on courthouse detentions may backfire, forcing agents to conduct more aggressive arrest operations in residential neighborhoods and workplaces. Proponents of the administration's policy argue that turning courthouses into enforcement-free zones compromises public safety and delays lawful deportations."
S5-LR-4,Lean Right,Administration Faces New Legal Hurdle as Judge Vacates Courthouse Detention Policy,"The Trump administration's plan to expedite deportations hit a snag after a California federal judge voided rules that expanded ICE courthouse arrests. Government lawyers argue the policy provides necessary regulatory flexibility to enforce active immigration laws, but the court aligned with civil liberties groups to restore narrower, previous restrictions."
S5-R-1,Right,Rogue Biden Judge Creates Sanctuary Zones for Illegal Aliens by Banning Courthouse Arrests,"In a nakedly political decision, a California-based Biden-appointed judge has issued a nationwide injunction blocking ICE agents from arresting illegal aliens at federal courthouses. The radical ruling strips law enforcement of a vital, secure tool to apprehend targets, effectively turning federal buildings into sanctuary zones that shield lawbreakers from deportations."
S5-R-2,Right,ICE Pushes Back Against Activist Courts Weaponized to Block Mass Deportation Campaign,"Federal law enforcement is fighting back against rogue judicial overreach after activist judges in New York and California attempted to tie the hands of border security agents. Despite attempts by the left to create enforcement-free havens, immigration officials emphasize their constitutional duty to enforce valid deportation orders and protect American communities from criminal aliens."
S5-R-3,Right,Rogue California Judge Launches Naked Judicial Attack on Trump's Border Security Policies,"The administration's highly successful border enforcement agenda faces sabotage from the bench after a federal judge labeled ICE’s common-sense courthouse arrest policies 'arbitrary and capricious.' Conservative lawmakers slammed the injunction, pointing out that activist judges are continuously weaponizing the legal system to undermine national security and protect illegal aliens."
S5-R-4,Right,Enforcement Rules Upended as Activist Judge Shields Illegal Aliens at Federal Courthouses,"A disastrous nationwide ruling has thrown a wrench into immigration enforcement by banning ICE from arresting targets as they leave asylum hearings. Border security experts warn that this judicial interference directly coddles lawbreakers, erodes the rule of law, and deliberately complicates the administration's mandate to clean up the country's broken immigration system."
S6-L-1,Left,Supreme Court Enables Trump to Slam the Door on Vulnerable Asylum Seekers,"In a devastating 6-3 ruling, the conservative Supreme Court majority greenlit the Trump administration's cruel ""metering"" policy, allowing border agents to forcibly turn away refugees before they step onto U.S. soil. Justice Sotomayor issued a searing dissent, warning that the decision defies international law and will result in the deaths of innocent people fleeing persecution."
S6-L-2,Left,Right-Wing Supreme Court Hands Trump a Weapon to Dismantle Asylum Rights,"Reversing a lower court's block, the Supreme Court has sanctioned the administration's draconian border restrictions. By ruling that migrants standing inches away in Mexico haven't legally ""arrived,"" the conservative justices have gifted the Trump administration a massive loophole to illegally deny asylum seekers their fundamental human rights."
S6-L-3,Left,Sotomayor Warns ""More People Will Die"" After SCOTUS Blesses Border Turnbacks,"The Supreme Court dealt a fatal blow to asylum rights by ruling that the federal government can block refugees from crossing the southern border to claim protection. Immigrant advocates and dissenting liberal justices strongly condemned the 6-3 decision, noting it illegally bypasses Congress and subjects desperate families to violence in Mexico."
S6-L-4,Left,SCOTUS Siding With Trump's Asylum Ban Marks a Dark Day for Human Rights,"Overturning an appeals court victory for immigrants, the Supreme Court's conservative supermajority validated the administration's ruthless efforts to gut the asylum system. The ruling allows armed border guards to physically repel vulnerable migrants, effectively destroying the legal right to seek refuge in the United States."
S6-LL-1,Lean Left,Supreme Court Clears Path for Trump Administration to Block Asylum Seekers,"The Supreme Court ruled 6-3 to allow the Trump administration to resume its highly controversial ""metering"" policy, which permits border agents to turn away asylum seekers before they enter the U.S. The decision overturns a previous appeals court ruling that found the restriction illegal and has drawn sharp criticism from human rights advocates."
S6-LL-2,Lean Left,SCOTUS Reverses Appeals Court Allowing Restrictive Border Turnback Policy,"In a major setback for immigrant rights groups, the Supreme Court sided with the Trump administration's efforts to restrict asylum access at the southern border. The conservative majority concluded that migrants waiting in Mexico have not technically arrived in the U.S., allowing officials to deny them the opportunity to present asylum claims."
S6-LL-3,Lean Left,Divided Supreme Court Limits Asylum Rights at the US-Mexico Border,"Over the strong dissents of the three liberal justices, the Supreme Court granted the Trump administration the authority to turn away migrants at ports of entry. This ruling effectively dismantles protections that were recently upheld by a federal appeals court, leaving thousands of asylum seekers stranded in dangerous conditions in Mexico."
S6-LL-4,Lean Left,Supreme Court Gives Trump Administration Sweeping Power to Reject Refugees,"A deeply divided Supreme Court has ruled that the federal government can physically prevent asylum seekers from crossing into the United States. While the administration claims the policy manages border overcrowding, critics and dissenting justices warn the practice unlawfully strips migrants of their right to seek humanitarian protection."
S6-C-1,Center,Supreme Court Rules Administration Can Turn Away Asylum Seekers at Border,"In a 6-3 decision, the U.S. Supreme Court ruled that the federal government has the authority to prevent migrants from crossing the U.S.-Mexico border to seek asylum. The ruling overturns a prior federal appeals court decision that had blocked the administration's border ""metering"" policy."
S6-C-2,Center,SCOTUS Sides With Trump Administration in Major Asylum Policy Dispute,"The Supreme Court handed the Trump administration a significant legal victory, concluding that migrants must physically cross the border before they have a statutory right to apply for asylum. The decision allows border officials to resume turning back asylum seekers at ports of entry during periods of high volume."
S6-C-3,Center,Supreme Court Clears Way for Restrictive Border Asylum Policy,"Reversing a lower court's injunction, the Supreme Court ruled that the executive branch can lawfully restrict asylum access for individuals who have not yet stepped onto U.S. soil. The 6-3 ruling resolves a lengthy legal battle over the president's authority to manage immigration flows at the southern border."
S6-C-4,Center,Justices Rule 6-3 That Migrants in Mexico Have Not Arrived in the US,"The Supreme Court determined that federal immigration law does not require the U.S. to process asylum claims from foreign nationals who are stopped on the Mexican side of the border. The decision effectively reinstates the controversial practice known as metering, which had been previously blocked by an appeals court."
S6-LR-1,Lean Right,Supreme Court Upholds Administration's Authority to Manage Border Asylum Claims,"Delivering a crucial win for border security, the Supreme Court ruled 6-3 that the federal government can lawfully turn away asylum seekers before they cross into the United States. The decision overturns an activist appeals court ruling and affirms the administration's right to utilize metering to handle migrant surges at ports of entry."
S6-LR-2,Lean Right,SCOTUS Rules Migrants Must Physically Enter US to Claim Asylum Rights,"The Supreme Court has clarified federal immigration law, ruling that foreign nationals waiting in Mexico have not legally ""arrived"" in the U.S. and therefore cannot demand immediate asylum processing. The decision restores a vital tool for the Trump administration to maintain order and regulate entry at the southern border."
S6-LR-3,Lean Right,High Court Reverses Appeals Panel Allowing Border Turnback Policy,"In a major victory for the Trump administration's immigration agenda, the Supreme Court confirmed the legality of turning back asylum seekers at the US-Mexico border. The conservative majority properly interpreted the Immigration and Nationality Act, ending a lower court's attempt to force the U.S. to accept unlimited asylum claims from foreign soil."
S6-LR-4,Lean Right,Supreme Court Restores Border Control Measures in 6-3 Asylum Ruling,"The Supreme Court sided with the Trump administration Thursday, concluding that border officials have the authority to prevent migrants from stepping onto U.S. territory to claim asylum. This practical ruling overturns a previous injunction and allows the government to efficiently manage overwhelmed border checkpoints."
S6-R-1,Right,Supreme Court Delivers Massive Victory for Trump's Border Security Agenda,"In a devastating blow to open-borders advocates, the Supreme Court ruled 6-3 that the Trump administration can legally block migrants from crossing the southern border to exploit asylum loopholes. The ruling crushes a rogue appeals court decision and rightly affirms that illegal aliens standing in Mexico have no constitutional right to enter the U.S."
S6-R-2,Right,SCOTUS Shuts Down Asylum Loophole: Migrants in Mexico Haven't ""Arrived"",""The Supreme Court handed President Trump a blockbuster immigration win, ruling that federal agents can lawfully repel asylum seekers before they set foot on American soil. This common-sense 6-3 decision puts an end to activist judges trying to rewrite immigration law and allows the administration to secure the border effectively."
S6-R-3,Right,High Court Defeats Liberal Attempt to Force Open the Southern Border,"Reversing a dangerous lower court ruling, the Supreme Court affirmed the president's absolute authority to turn away foreign nationals at the border. The conservative majority correctly recognized that the U.S. is under no obligation to process asylum claims from individuals who are physically located in Mexico, securing a major triumph for the rule of law."
S6-R-4,Right,Supreme Court Gives Green Light to Trump's Crucial Border Turnback Policy,"Refusing to bow to left-wing hysteria, the Supreme Court ruled that Customs and Border Protection can physically prevent migrants from crossing the border to claim asylum. This monumental victory completely restores the administration's ability to halt the migrant invasion and decisively manage overwhelmed ports of entry."
S7-L-1,Left,Federal Judge Deals Devastating Blow to Trump's Immigration Agenda by Voiding $100K Visa Fee,"In a major victory for opponents of the administration's draconian immigration policies, a federal judge has struck down President Trump’s exorbitant $100,000 fee on H-1B visas. The ruling lambasted the fee as an unlawful and unconstitutional tax, halting an executive overreach designed to deliberately price foreign talent out of the American economy."
S7-L-2,Left,Trump's Attempt to Extort Businesses Over Immigrant Workers Blocked by Federal Court,"A federal judge in Boston decisively rejected the Trump administration's attempt to impose a staggering $100,000 fee on companies seeking to hire skilled immigrant workers. The court correctly identified the measure as an illegal tax, preventing the administration from bypassing Congress to sabotage the H-1B visa program and hawk the American dream to the highest bidder."
S7-L-3,Left,Judge Strikes Down Trump's Discriminatory $100000 Tax on Skilled Foreign Workers,"Dealing a severe setback to President Trump's anti-immigrant agenda, U.S. District Judge Leo Sorokin invalidated the administration's punitive $100,000 fee for H-1B visas. The ruling confirms that the executive branch flagrantly violated the Constitution by attempting to levy an unauthorized tax to choke off legal avenues for highly skilled foreign professionals."
S7-L-4,Left,Federal Court Voids Trump’s 'Unlawful' H-1B Visa Fee Protecting Skilled Immigrants,"A federal judge vacated the Trump administration's $100,000 fee on new H-1B visas in its entirety, ruling that the president has no authority to unilaterally impose taxes. This crucial decision protects businesses, the healthcare sector, and thousands of skilled workers from the administration's relentless, bad-faith efforts to dismantle the legal immigration system."
S7-LL-1,Lean Left,Federal Judge Strikes Down Trump's $100000 Fee on New H-1B Visas,"A U.S. District judge in Massachusetts has blocked the Trump administration's policy requiring employers to pay a $100,000 fee for new H-1B visa applications. The judge ruled that the exorbitant fee constituted an unlawful tax that exceeded the executive branch's authority and required congressional approval."
S7-LL-2,Lean Left,Judge Voids Trump's $100K H-1B Visa Fee Calling It an Unlawful Tax,"In a significant legal defeat for the Trump administration, a federal judge struck down the $100,000 fee imposed on companies seeking highly skilled foreign workers. The court concluded that the payment functioned as an unauthorized tax, siding with a coalition of 20 Democratic state attorneys general who challenged the policy."
S7-LL-3,Lean Left,Federal Court Blocks Administration's Costly H-1B Visa Requirement,"U.S. District Judge Leo Sorokin ruled Monday that President Trump's $100,000 fee on H-1B visas is unlawful. The decision provides relief to tech companies and medical groups who argued the steep financial barrier would severely damage their ability to recruit international talent for specialty occupations."
S7-LL-4,Lean Left,Trump's $100000 Visa Fee for Skilled Workers Struck Down by Federal Judge,"A federal judge has vacated the Trump administration's requirement that employers pay a $100,000 fee for new H-1B visas. Finding that the administration bypassed Congress to impose an illegal tax, the ruling contradicts a previous decision by another court and sets up a potential legal showdown over executive immigration powers."
S7-C-1,Center,Federal Judge Strikes Down Trump's $100000 H-1B Visa Fee,"A federal judge in Boston ruled Monday that the $100,000 fee imposed by the Trump administration on new H-1B visa applications is unlawful. U.S. District Judge Leo Sorokin determined that the fee functions as a tax, which the executive branch lacks the authority to levy without congressional approval."
S7-C-2,Center,Judge Blocks Administration's $100000 Fee for Skilled Worker Visas,"U.S. District Judge Leo Sorokin has vacated the Trump administration's policy requiring a $100,000 payment for new H-1B visas. The 42-page ruling concluded that the fee violated the federal Administrative Procedure Act and encroached upon Congress's exclusive constitutional power to tax."
S7-C-3,Center,US Court Voids $100000 Fee on H-1B Visas Introduced by Trump Administration,"A federal court in Massachusetts struck down the Trump administration's $100,000 fee on H-1B visas, siding with a coalition of 20 states that challenged the policy. The decision contradicts an earlier ruling by a different federal court that had upheld the fee increase, potentially setting the stage for an appeal."
S7-C-4,Center,Trump's $100K H-1B Visa Fee Ruled Unlawful by Federal Judge,"A federal judge has invalidated the Trump administration's effort to impose a $100,000 fee on employers seeking to hire foreign workers through the H-1B program. The court found that the administration exceeded its statutory authority by imposing a charge that effectively operates as an unauthorized tax."
S7-LR-1,Lean Right,Federal Judge Blocks Trump Administration's $100000 H-1B Visa Fee Policy,"A U.S. federal judge in Massachusetts has struck down the Trump administration's policy imposing a $100,000 fee on new H-1B work visa applications. The judge ruled that the fee constituted an unlawful tax that required congressional approval, delivering a setback to the administration's efforts to prioritize American workers."
S7-LR-2,Lean Right,Judge Overturns Trump's $100K Fee on Visas for Highly Skilled Foreign Workers,"In a decision that provides relief to US tech companies, a federal judge voided the administration's requirement that employers pay $100,000 for new H-1B visas. The ruling concluded that the executive branch overstepped its authority by bypassing Congress to levy what amounted to a tax on the visa program."
S7-LR-3,Lean Right,US Court Strikes Down Administration's Effort to Increase H-1B Visa Costs,"U.S. District Judge Leo Sorokin has ruled against the Trump administration's initiative to charge a $100,000 fee for H-1B visas. While the administration argued the fee was necessary to prevent foreign workers from taking American jobs, the court determined it violated federal law by usurping Congress's taxation powers."
S7-LR-4,Lean Right,Federal Judge Voids Trump's $100000 Fee Requirement for H-1B Visas,"A federal judge has invalidated President Trump's policy that imposed a $100,000 fee on new H-1B visas, finding it to be an unauthorized tax. The ruling halts an aggressive measure designed to reform the H-1B program and protect domestic employment, setting up a likely appeal by the administration."
S7-R-1,Right,Obama-Appointed Judge Blocks President Trump's Pro-American H-1B Visa Reforms,"An activist, Obama-appointed federal judge struck down President Trump's crucial $100,000 fee on H-1B visas, siding with big tech companies that want to continue replacing American workers with cheaper foreign labor. The rogue ruling claims the fee is an illegal tax, dealing a blow to the administration's efforts to put American jobs first."
S7-R-2,Right,Activist Judge Strikes Down Trump's $100K Fee Designed to Protect American Workers,"In a blatant display of judicial overreach, a federal judge in Massachusetts voided the Trump administration's $100,000 H-1B visa fee. The policy was a common-sense measure to stop corporations from abusing the visa system, but the left-wing court intervened to protect corporate bottom lines at the expense of U.S. citizens."
S7-R-3,Right,Leftist Judge Voids President Trump's Crucial $100K H-1B Visa Fee,"A federal judge has derailed one of President Trump's most effective tools to protect the U.S. labor market by striking down the $100,000 fee on H-1B visas. Arguing the fee was an unauthorized tax, the Obama-appointed judge handed a massive victory to globalist corporations who rely on importing foreign workers instead of hiring Americans."
S7-R-4,Right,Judicial Coup: Federal Judge Halts Trump's Plan to End H-1B Visa Abuse,"President Trump's bold move to slap a $100,000 fee on the heavily abused H-1B visa program has been blocked by a federal judge. The ruling sabotages the administration's America First agenda, prioritizing the demands of blue-state attorneys general and tech giants over the protection of American jobs and wages."
S8-L-1,Left,Judge Permanently Shuts Down Trump’s Unconstitutional Election Power Grab,"In a major victory for voting rights, a federal judge permanently blocked a sweeping executive order aimed at imposing restrictive voter registration rules nationwide. The court ruled that the administration flagrantly exceeded its authority by attempting to force documentary proof of citizenship on voters, reaffirming that the Constitution leaves election rules to the states and Congress, not the executive branch."
S8-L-2,Left,Court Blocks Trump's Cruel Attempt to Restrict Voting Rights and Mail-In Ballots,"U.S. District Judge Denise Casper has dismantled the administration's authoritarian election directive, which sought to suppress votes through strict proof-of-citizenship mandates and bans on late-arriving mail ballots. Civil rights advocates and state attorneys general celebrated the ruling as a vital check against the administration's ongoing assault on democratic norms and voter access."
S8-L-3,Left,Federal Judge Voids Trump Election Order Citing Lack of Voter Fraud Evidence,"Striking at the heart of the administration's voter suppression campaign, a permanent injunction has blocked federal overreach into local election administration. The court emphasized that the administration provided no credible evidence of widespread non-citizen voting to justify its heavy-handed executive mandates, which would have disenfranchised millions of eligible American voters."
S8-L-4,Left,State AGs Applaud Ruling Striking Down Trump’s Discriminatory Voter Registration Rules,"A multi-state coalition has successfully protected the ballot box after a federal court permanently struck down Trump's unconstitutional voting restrictions. The blocked order would have forced arbitrary proof-of-citizenship hurdles onto vulnerable voters and discarded valid mail ballots, a move advocates labeled a transparent attempt to manipulate federal elections from the Oval Office."
S8-LL-1,Lean Left,Federal Judge Permanently Blocks Trump's Proof-of-Citizenship Voting Mandate,"A Massachusetts federal judge has issued a permanent injunction against the Trump administration's executive order aimed at overhauling federal election guidelines. The ruling deals a significant blow to the White House's immigration and voting agenda, concluding that the president lacked the constitutional authority to unilaterally impose strict registration and mail ballot rules on states."
S8-LL-2,Lean Left,Court Rules Trump Exceeded Authority With Sweeping Election Executive Order,"In a lawsuit brought by a coalition of state attorneys general, a federal judge permanently barred the enforcement of the administration's signature election integrity directive. The court ruled that control over federal elections is strictly vested in the states and Congress, halting federal mandates that would have required citizenship documentation to register."
S8-LL-3,Lean Left,Trump's Voter Citizenship Directive Blocked Permanently by Federal Court,"The Trump administration suffered a legal setback after a federal court converted a temporary block into a permanent ban on a key election executive order. The ruling invalidates federal requirements for voter proof-of-citizenship and a ban on counting late postmarked mail ballots, with the judge noting a complete lack of evidence supporting claims of widespread voter fraud."
S8-LL-4,Lean Left,Judges Defend State Control Over Elections Nuking Trump's Voting Restrictions,"Escalating the legal battle over voting access, a federal court permanently struck down the White House's unilateral changes to voter registration forms. The judge reaffirmed long-standing legal precedent that the executive branch cannot usurp the election-setting powers explicitly granted to state legislatures and the U.S. Congress."
S8-C-1,Center,Federal Judge Permanently Blocks Trump Executive Order on Election Rules,"A federal judge in Boston has permanently barred the Trump administration from implementing most provisions of an executive order aimed at tightening federal voting procedures. The ruling stops requirements for documentary proof of citizenship during voter registration and blocks restrictions on counting mail-in ballots received after Election Day."
S8-C-2,Center,Court Rules Executive Branch Lacks Constitutional Power to Set Election Standards,"U.S. District Judge Denise Casper issued a permanent injunction against the administration's 2025 election executive order. The court determined that under the U.S. Constitution, the authority to regulate and administer federal elections belongs primarily to the individual states and the U.S. Congress, rather than the president."
S8-C-3,Center,Permanent Injunction Issued Against Federal Proof-of-Citizenship Voting Rule,"A legal challenge mounted by 19 states has concluded with a permanent block on federal voting mandates. The final judgment invalidates the administration's attempts to enforce strict citizenship documentation guidelines on federal voter registration forms, shifting the ongoing policy debate back to the legislative branch."
S8-C-4,Center,Massachusetts Federal Court Strikes Down Trump's Unilateral Voting Changes,"The U.S. District Court has finalized a ruling that prevents the White House from altering state-level election administration. The permanent block covers provisions regulating voter eligibility verification and the processing of mail ballots, with the court citing a lack of statutory authority for executive intervention in state election processes."
S8-LR-1,Lean Right,Federal Judge Sides with States' Rights Blocking Trump Election Order,"The Trump administration's efforts to standardize election security hit a judicial roadblock after a federal court blocked an executive order requiring proof of citizenship to vote. While the administration argued federal oversight was necessary to protect ballot integrity, the judge ruled that election administration remains a state-level responsibility under the Constitution."
S8-LR-2,Lean Right,Court Blocks Trump's Voter Verification Order Shifting Focus to Congress,"A permanent injunction against the White House's election integrity executive order has intensified the partisan battle over voting laws. By ruling that the president exceeded his administrative authority, the court decision places the burden back on congressional Republicans to pass the SAVE America Act to secure federal voter registration forms."
S8-LR-3,Lean Right,Trump's Voter Citizenship Mandate Blocked by Court as White House Vows Appeal,"A Massachusetts federal judge has permanently halted a key election security directive, blocking provisions that would mandate citizenship documentation and restrict late mail ballots. The White House strongly criticized the decision and announced plans to appeal, maintaining that the executive branch has a duty to ensure only eligible citizens participate in federal elections."
S8-LR-4,Lean Right,Judicial Ruling Sidelining Executive Election Security Order Draws White House Pushback,"The administration's plan to tighten voter registration guidelines faced a major setback when a federal court declared its executive order invalid. Supporters of the rule argue that strict verification measures prevent unlawful voting, but the court ruled that the administration's method bypassed the necessary legislative channels established by Congress."
S8-R-1,Right,Obama-Appointed Judge Sabotages Election Integrity by Blocking Proof-of-Citizenship Rule,"In a blatant attack on common-sense election security, an Obama-appointed activist judge permanently blocked President Trump’s executive order requiring documentary proof of citizenship to register to vote. The partisan ruling strips the administration of a critical tool to prevent non-citizens from illegal voting, leaving American elections vulnerable to exploitation."
S8-R-2,Right,Rogue Activist Court Strikes Down Trump's Common-Sense Voter Security Orders,"Left-wing judicial overreach has struck again as a Boston-based judge permanently blocked a vital election integrity directive. The blocked order would have stopped the counting of late mail ballots and ensured only verified citizens vote, but the activist court chose to coddle the open-borders lobby by gutting the administration's security standards."
S8-R-3,Right,Trump Vows Legislative Fight After Obama Judge Nukes Election Protection Executive Order,"President Trump and congressional allies are pushing harder to pass the SAVE America Act after a partisan federal judge struck down executive voting safeguards. Conservative leaders slammed the ruling, arguing that forcing states to register voters without verifying citizenship degrades the value of American citizenship and actively undermines public trust in elections."
S8-R-4,Right,Radical Ruling Weaponizes Judiciary to Shield Unlawful Voters from Citizenship Verification,"A disastrous federal injunction has thrown a wrench into the administration's campaign to secure American ballots. By ruling that the president cannot require basic proof of nationality on federal voter forms, the activist court has effectively blocked common-sense safeguards, prompting a swift vow from the White House to appeal this blatant assault on election integrity."
S9-L-1,Left,Trump Weaponizes Banks in Cruel Push to Exclude Immigrants from Financial System,"The Trump administration has signed a draconian executive order forcing banks to scrutinize the immigration status of their customers. Critics and civil rights experts condemn the move as a cruel, xenophobic strategy to financially starve undocumented immigrants and turn financial institutions into an extension of the deportation force."
S9-L-2,Left,Administration Orders Banks to Track Migrants in Latest Attack on Vulnerable Communities,"Escalating its aggressive anti-immigrant agenda, the White House issued an executive order demanding financial regulators scrutinize non-citizens' bank accounts and loans. Human rights advocates warn this dangerous policy criminalizes basic financial access and weaponizes banks to terrorize marginalized communities under the guise of financial integrity."
S9-L-3,Left,Trump Targets Undocumented Immigrants with Draconian New Banking Restrictions,"In a sweeping move to financially isolate undocumented immigrants, President Trump has ordered the Treasury and federal regulators to crack down on banking services for non-citizens. Activists warn the cruel directive will push vulnerable families out of the formal economy, exposing them to exploitation while forcing banks to act as immigration enforcement agents."
S9-L-4,Left,White House Unleashes Cruel Executive Order to Lock Migrants Out of the Banking System,"President Trump has expanded his deportation crackdown to the financial sector, issuing an executive order that pressures banks to evaluate the immigration status of their clients. Advocacy groups are sounding the alarm over the severe human cost, noting that the order unfairly targets hard-working immigrants and weaponizes the financial system against them."
S9-LL-1,Lean Left,Trump's New Executive Order Pushes Banks to Scrutinize Customers' Immigration Status,"President Trump signed a controversial executive order directing banks and federal regulators to closely examine the citizenship status of their clients. The policy, aimed at restricting financial access for undocumented immigrants, has sparked significant privacy concerns and fears that it will force millions out of the formal banking sector."
S9-LL-2,Lean Left,Administration Targets Migrant Banking Access in Sweeping Enforcement Move,"In an escalation of its immigration crackdown, the White House issued an order requiring banks to treat a customer's immigration status as a factor in evaluating financial risk. Industry executives and advocates warn the directive could severely disrupt the financial sector and create unnecessary barriers for legal and undocumented immigrants alike."
S9-LL-3,Lean Left,Trump Orders Heightened Bank Scrutiny on Non-Citizens Amid Immigration Crackdown,"A new executive order requires financial institutions to look for signs that undocumented individuals are opening accounts or accessing credit. While the administration stopped short of demanding blanket citizenship data collection after industry pushback, critics argue the policy still threatens to financially isolate immigrants and complicate routine banking."
S9-LL-4,Lean Left,New Banking Order Sparks Fears of Financial Exclusion for Immigrant Communities,"The Trump administration is attempting to restrict undocumented immigrants' access to loans and bank accounts through a new executive order. By directing regulators to crack down on the financial activities of non-citizens, the policy has raised alarms among civil liberties groups concerned about privacy violations and the weaponization of the banking industry."
S9-C-1,Center,Trump Signs Executive Order Requiring Banks to Scrutinize Customers' Immigration Status,"President Donald Trump has issued an executive order directing the Treasury Department and financial regulators to examine the banking activities and citizenship status of non-citizens. The order aims to prevent individuals without legal work authorization from accessing certain financial services and credit products."
S9-C-2,Center,New Executive Order Directs Banks to Review Citizenship and Financial Risks,"The Trump administration announced the Restoring Integrity to America’s Financial System executive order, which instructs banks to monitor accounts and loans linked to undocumented immigrants. The directive requires federal agencies to issue guidance on identifying financial risks associated with customers who lack legal immigration status."
S9-C-3,Center,Trump Administration Moves to Restrict Banking Access for Undocumented Immigrants,"An executive order signed Tuesday requires U.S. banks and federal regulators to take a closer look at the immigration status of their clients. The measure, intended to identify illicit financial activity and payroll tax evasion, advises banks to evaluate the credit risks of extending loans and services to individuals living in the country illegally."
S9-C-4,Center,Executive Order Increases Regulatory Scrutiny on Non-Citizen Banking Activities,"President Trump signed an order instructing the Treasury and the Consumer Financial Protection Bureau to address risks posed by undocumented immigrants in the financial system. While the directive does not mandate the collection of citizenship data, it requires banks to flag specific activities and assess the legal status of individuals seeking consumer credit."
S9-LR-1,Lean Right,Trump Signs Executive Order to Protect Financial System from Illegal Immigration Risks,"President Trump has issued a new executive order directing banks to carefully assess the citizenship status of their customers. The policy is designed to protect the integrity of the U.S. banking system by identifying financial risks tied to illegal aliens, payroll tax evasion, and illicit cross-border fund transfers."
S9-LR-2,Lean Right,Administration Moves to Restrict Banking Access for Undocumented Migrants,"In a push to safeguard the economy, the White House signed an executive order requiring financial institutions to scrutinize the credit risks posed by individuals without legal work authorization. The directive aims to stop illegal immigrants from exploiting the American banking system while addressing national security vulnerabilities."
S9-LR-3,Lean Right,Trump Orders Heightened Scrutiny of Bank Accounts Held by Illegal Aliens,"President Trump’s new executive order tasks federal regulators with cracking down on the financial infrastructure used by undocumented immigrants. By identifying red flags and illegal wage payments, the administration seeks to ensure that the U.S. financial system is no longer subsidizing unlawful immigration."
S9-LR-4,Lean Right,New Executive Order Directs Banks to Evaluate Credit Risks of Non-Citizens,"Taking steps to protect American consumers and the banking sector, the Trump administration ordered financial institutions to consider a customer's legal immigration status when extending credit. The measure addresses the structural risks of lending to individuals facing potential deportation, ensuring stronger underwriting standards across the industry."
S9-R-1,Right,Trump Signs Major Order to Shut Down Financial Loopholes Exploited by Illegal Aliens,"President Trump delivered a massive blow to illegal immigration by signing an executive order that targets the financial networks supporting undocumented aliens. The order forces banks and regulators to crack down on the fraud and national security risks created when the U.S. financial system is abused by those without legal status."
S9-R-2,Right,Administration Takes Historic Step to Cut Off Illegal Aliens from U.S. Banking System,"In a bold move to secure America's financial infrastructure, President Trump directed banks to stop extending credit and loans to illegal aliens. The Restoring Integrity to America’s Financial System order rightfully protects American citizens from subsidizing the dangerous credit risks and illicit activities associated with illegal immigration."
S9-R-3,Right,Trump Cuts Off the Money Supply to Illegal Aliens and Cartels in Sweeping New Order,"President Trump has signed a crucial executive order aimed at destroying the financial incentives for illegal immigration. By ordering the Treasury and banks to scrutinize accounts and block financial access for undocumented migrants, the administration is prioritizing national security and defending the integrity of the American economy."
S9-R-4,Right,New Executive Order Protects U.S. Banks from Fraud and Illegal Immigrant Exploitation,"Fighting back against the financial enablers of illegal immigration, President Trump ordered federal banking regulators to crack down on services provided to illegal aliens. This America First policy ensures that foreign lawbreakers can no longer easily embed themselves in the country by freely exploiting the nation's credit and banking systems."
id,leaning,headline,additional_text
S10-L-1,Left,Trump Administration Escalates Terror Tactics With Vow to Flood NYC With ICE Agents,"Retaliating against Gov. Kathy Hochul's new laws protecting immigrants, border czar Tom Homan threatened to unleash an unprecedented surge of ICE agents on New York City. Critics and Mayor Zohran Mamdani slammed the vindictive plan, warning that the administration is addicted to violence and aims to terrorize communities instead of addressing real issues."
S10-L-2,Left,Border Czar Promises Vindictive ICE Raid Surge in NYC Following Sanctuary Protections,"In a chilling display of authoritarian overreach, Tom Homan warned that New York City will face its largest ICE deployment ever. The retaliatory threat comes after Gov. Kathy Hochul signed crucial legislation banning local cooperation with the rogue agency. Local leaders are standing firm against the administration's cruel agenda of sowing fear in immigrant neighborhoods."
S10-L-3,Left,Trump’s Deportation Force Targets New York in Retaliation for Human Rights Laws,"Seeking to punish New York for protecting its immigrant residents from federal abuses, border czar Tom Homan vowed to send an unprecedented number of ICE agents to terrorize the city. Progressive leaders, including Mayor Zohran Mamdani, have fiercely condemned the ominous threats, refusing to let the administration's violent tactics disrupt their communities."
S10-L-4,Left,Administration Threatens Massive ICE Invasion of New York Over Sanctuary Protections,"Demonstrating the administration's addiction to cruelty and intimidation, Tom Homan announced an operational plan to flood New York City with ICE agents. The aggressive surge is a direct, politically motivated attack aimed at punishing Gov. Hochul for signing progressive legislation that restricts the federal deportation force from operating with impunity in the state."
S10-LL-1,Lean Left,Tom Homan Threatens Largest-Ever ICE Surge in NYC Amid Standoff Over Sanctuary Laws,"Escalating the ongoing clash between New York and the federal government, border czar Tom Homan pledged to send an unprecedented number of ICE agents to the city. The promised crackdown is a direct response to Gov. Kathy Hochul signing sweeping legislation that limits local cooperation with federal immigration enforcement and protects vulnerable residents."
S10-LL-2,Lean Left,Trump Border Czar Vows Retaliatory ICE Deployment in New York City,"During a television appearance, Tom Homan warned that New York City will soon see more ICE agents than ever in response to newly enacted state protections for immigrants. Mayor Zohran Mamdani and Gov. Kathy Hochul have pushed back against the threatened surge, arguing that the administration's aggressive tactics will only spread fear and destabilize communities."
S10-LL-3,Lean Left,Federal Tensions Rise as White House Promises Massive ICE Presence in NYC,"The Trump administration is preparing to heavily increase its immigration enforcement operations in New York City. Border czar Tom Homan announced the operational plan after Gov. Hochul signed a package of anti-ICE bills, prompting swift condemnation from local officials who say the federal surge is a vindictive response to the state's sanctuary policies."
S10-LL-4,Lean Left,New York Braces for Sweeping ICE Raids Following Border Czar's Ominous Threats,"Federal and state relations reached a new low after Tom Homan vowed to flood New York City with ICE agents. The administration's plan to escalate deportations comes in direct retaliation to new laws shielding immigrants, with city leaders warning that such a heavy-handed federal deployment will disrupt daily life and terrorize immigrant neighborhoods."
S10-C-1,Center,Border Czar Tom Homan Announces Plan for ICE Surge in New York City,"White House border czar Tom Homan stated that he has reviewed an operational plan to deploy a record number of Immigration and Customs Enforcement agents to New York City. The announcement follows Gov. Kathy Hochul's recent signing of legislation that limits state and local cooperation with federal immigration enforcement efforts."
S10-C-2,Center,Trump Administration Plans Major ICE Deployment in NYC Over New State Laws,"Tom Homan warned that New York City will see a significant increase in ICE agents in response to new laws restricting the agency's operations in the state. Gov. Kathy Hochul signed the legislation to protect immigrants, while Homan argues that the lack of local cooperation necessitates a larger federal presence to carry out enforcement actions."
S10-C-3,Center,Homan Promises More ICE Agents in New York After Hochul Signs Immigration Bills,"Escalating a dispute over immigration policy, border czar Tom Homan confirmed the federal government is preparing a massive surge of ICE personnel for New York City. The deployment is a direct countermeasure to a comprehensive legislative package passed by New York lawmakers intended to safeguard undocumented immigrants from federal overreach."
S10-C-4,Center,White House and New York Clash Over Upcoming ICE Raids in NYC,"Tensions between the federal government and New York officials are mounting after border czar Tom Homan announced an unprecedented upcoming ICE surge in New York City. The planned enforcement action comes after Gov. Kathy Hochul enacted new laws that bar local law enforcement from cooperating with federal immigration authorities."
S10-LR-1,Lean Right,Border Czar Homan Promises Major ICE Surge to Counter New York's Sanctuary Laws,"In response to Gov. Kathy Hochul's new legislation shielding illegal immigrants from deportation, border czar Tom Homan announced that New York City will soon see its largest ICE deployment ever. Homan emphasized that the administration will not let local sanctuary policies prevent federal agents from enforcing the nation's immigration laws."
S10-LR-2,Lean Right,Homan Vows to Send 'More ICE Agents Than Ever' to NYC After Hochul Signs Anti-ICE Bill,"Warning that federal law will be enforced despite state-level obstruction, Tom Homan revealed plans to flood New York City with ICE agents. The surge is a necessary response to reckless new laws signed by Gov. Kathy Hochul that prohibit local police from cooperating with federal authorities, forcing ICE to conduct operations independently in the community."
S10-LR-3,Lean Right,Trump Administration Prepares Massive NYC Enforcement Operation to Bypass Sanctuary Protections,"White House border czar Tom Homan confirmed that an operational plan is in place to surge ICE agents into New York City. The move comes as a direct counter to Gov. Hochul's radical anti-ICE legislation, ensuring that the federal government can safely apprehend illegal aliens despite the state's refusal to cooperate with federal law enforcement."
S10-LR-4,Lean Right,Homan Calls New York's Bluff and Plans Historic ICE Deployment in the Big Apple,"Facing pushback from Democratic state leaders, Tom Homan announced that ICE will execute a massive enforcement surge in New York City. Homan criticized Gov. Kathy Hochul’s new laws protecting illegal immigrants, warning that the administration is fully prepared to increase its federal footprint to maintain law and order when local officials refuse to help."
S10-R-1,Right,Homan Crushes Dem Defiance by Promising Massive ICE Surge to Clean Up New York City,"Refusing to bow to radical sanctuary policies, border czar Tom Homan promised to send a historic wave of ICE agents into New York City. The decisive federal action targets Gov. Kathy Hochul's dangerous new laws shielding criminal aliens, proving the Trump administration will do whatever it takes to restore law and order in lawless blue cities."
S10-R-2,Right,Trump Administration Fights Back Against New York's Lawless Anti-ICE Agenda,"Border czar Tom Homan delivered a bold warning to New York Democrats, announcing an operational plan to flood NYC with ICE agents. The surge is a critical move to bypass Gov. Hochul's reckless sanctuary legislation, ensuring that federal officers can safely execute deportations and protect American citizens despite the city's pro-criminal policies."
S10-R-3,Right,Border Czar Homan Vows Unprecedented ICE Deployment to Defeat NY Sanctuary Laws,"Calling out the dangerous grandstanding of Gov. Kathy Hochul and Mayor Zohran Mamdani, Tom Homan announced that New York City will face the largest ICE deployment in its history. Homan is keeping his promise to enforce federal immigration laws, refusing to let radical left-wing politicians turn the city into a safe haven for illegal aliens."
S10-R-4,Right,Trump Calls Out NY Dems and Sends Massive ICE Force to Combat Sanctuary City Chaos,"Following Gov. Kathy Hochul's outrageous decision to sign laws protecting illegal immigrants, border czar Tom Homan confirmed an impending, massive ICE surge in the Big Apple. The administration's proactive deployment guarantees that federal agents will bypass uncooperative local authorities and successfully carry out their mission to secure the nation."
S11-L-1,Left,Draconian Sentences Handed to Anti-ICE Activists in Shocking Crackdown on Dissent,"A federal court in Texas has sentenced eight anti-ICE protesters to a combined 450 years in prison under trumped-up domestic terrorism charges. Civil liberties advocates are horrified by the decades-long punishments, warning that the Trump administration is deploying the full machinery of state repression to crush political dissent and terrorize left-leaning movements on the eve of the nation's 250th anniversary."
S11-L-2,Left,Zine Publisher Sentenced to 30 Years for 'Material Support' in Texas Protest Case,"In a terrifying escalation of the administration's assault on the First Amendment, independent artist Daniel 'Des' Sanchez Estrada was sentenced to three decades in prison simply for moving a box of political pamphlets. Though he was not even present at the violent confrontation outside the Prairieland Detention Center, the court weaponized federal terror statutes to criminalize alternative media and alternative viewpoints."
S11-L-3,Left,Activists Face Up to a Century in Prison as Trump DOJ Targets Anti-Fascist Protest,"The Trump administration's first major trial under its sweeping domestic terror decree has concluded with devastating maximum sentences for eight defendants in Fort Worth. Legal experts warn that the highly punitive sentences—including a 100-year term for a former Marine reservist—are designed to create a chilling template to criminalize public assembly and eliminate opposition to mass deportations."
S11-L-4,Left,Families Vow to Appeal After Texas Judge Uses Terror Statutes to Disenfranchise Protesters,"Grief and disbelief filled a Texas courtroom as federal judges handed down maximum sentences of 30 to 100 years to a group of anti-ICE demonstrators. Defense lawyers and family members immediately promised to appeal the verdict, arguing that the court allowed political ideology to dictate justice and set a dangerous precedent that treats basic protest activity as an act of war."
S11-LL-1,Lean Left,Federal Judges Hand Decades-Long Sentences to Anti-ICE Protesters in Texas,"Eight protesters accused of having ties to the decentralized antifa movement were sentenced to massive prison terms ranging from 30 to 100 years following a violent demonstration outside a Texas immigration detention center. While a police officer was injured in a shooting during the event, civil rights groups expressed deep alarm over the length of the sentences and the sweeping use of terrorism enhancements."
S11-LL-2,Lean Left,Texas Protest Sentencing Raises Alarms Over Expansion of Domestic Terror Laws,"A federal court in Fort Worth has sentenced eight individuals to a combined 450 years in prison over an anti-ICE riot last July. The severity of the punishments, including a 30-year sentence for a co-defendant who only distributed political literature, has sparked intense debate among legal scholars who warn the Trump administration is stretching federal statutes to stifle political organizing."
S11-LL-3,Lean Left,Severe Sentences in Texas ICE Facility Case Draw Fierce Backlash from Advocates,"Human rights organizations are criticizing the maximum penalties leveled against eight anti-deportation activists in Texas. Although prosecutors focused heavily on a shooting that wounded a local police officer, defenders point out that several co-defendants who did not participate in the violence were still hit with 50-year terms for rioting and providing material support to extremists."
S11-LL-4,Lean Left,Trump Administration Touts 'Dismantling' of Protester Networks Following Texas Verdict,"The Department of Justice celebrated the decades-long sentences handed to eight anti-ICE activists as a successful execution of the administration's campaign against far-left groups. Civil liberties watchdogs counter that labeling localized, decentralized protesters as organized terrorist cells sets a harmful precedent that threatens standard political demonstrations."
S11-C-1,Center,Eight Sentenced to Decades in Prison Over Violent Texas ICE Facility Attack,"A federal judge in Fort Worth has sentenced eight individuals to prison terms ranging from 30 to 100 years in connection with a July 2025 attack on an immigration detention facility in Alvarado, Texas. Federal prosecutors categorized the incident, which resulted in a police officer being shot and wounded, as an act of domestic terrorism."
S11-C-2,Center,Former Marine Reservist Receives 100-Year Sentence for Shooting Texas Officer,"Benjamin Hanil Song was sentenced to a century in federal prison after being convicted of attempted murder and terrorism-related charges during an anti-ICE demonstration at the Prairieland Detention Center. Seven co-defendants also received multi-decade sentences for their roles in the coordinated assault, which included fireworks and property vandalism."
S11-C-3,Center,DOJ Finalizes Sentencings in Coordinated North Texas Immigration Center Riot,"The Department of Justice announced the conclusion of the trial for eight individuals associated with an alleged antifa cell that targeted a federal immigration facility. The defendants collectively received 450 years in prison for charges including rioting and providing material support, following a 12-day trial that concluded earlier this spring."
S11-C-4,Center,Families of Prairieland Defendants Plan Appeals Following Maximum Sentences,"Following the formal sentencing of eight anti-ICE protesters to lengthy terms in federal prison, relatives and defense attorneys announced plans to appeal the court's decision. While the prosecution emphasized that an Alvarado police officer was shot in the neck during the crossfire, the defense maintains that the severe penalties establish an overreaching legal precedent."
S11-LR-1,Lean Right,Tough Justice Handed Down to Antifa-Linked Militants in Texas ICE Attack,"A federal court in Texas has signaled a zero-tolerance approach to left-wing extremism, sentencing eight antifa-linked militants to a combined 450 years in prison. The group was convicted of executing a highly coordinated, armed assault on the Prairieland immigration detention facility last summer, which left a local police officer wounded."
S11-LR-2,Lean Right,Ringleader of Texas Immigration Center Ambush Hit with 100-Year Prison Term,"Benjamin Song, a former Marine Corps reservist identified as the leader of a North Texas antifa cell, was sentenced to a century behind bars for the attempted murder of an officer. Prosecutors proved that Song and his accomplices used fireworks and a fraudulent vandalism call to stage an ambush, opening fire on responding law enforcement."
S11-LR-3,Lean Right,Trump Administration Delivers Major Blow to Far-Left Domestic Terror Networks,"The Department of Justice has successfully dismantled a violent antifa cell operating in North Texas, securing maximum prison sentences for eight individuals involved in an armed riot. Federal officials emphasized that the decades-long sentences reflect the administration's commitment to protecting federal property and law enforcement from political violence."
S11-LR-4,Lean Right,Texas Judge Declares Violent Anti-ICE Riot 'An Assault on Democracy',"U.S. District Judge Reed O'Connor handed down severe federal prison sentences to eight far-left extremists, rejecting arguments from progressive lawmakers who attempted to defend the group. The judge noted that the armed assault on a federal facility and the shooting of a police officer went far beyond a protest, requiring maximum deterrence to protect civilized norms."
S11-R-1,Right,GOP Appointed Judges Crush Antifa Terror Handing Down 450 Years in Prison for Texas ICE Ambush,"In a massive victory for the rule of law, federal judges have sentenced eight violent antifa terrorists to hundreds of years in prison for a coordinated assault on a Texas ICE center. The historic sentences destroy the left's narrative that these radical cells do not exist, delivering a powerful blow to the foot soldiers of the open-borders movement."
S11-R-2,Right,Antifa Ringleader Sentenced to a Century Inside for Attempted Murder of Texas Cop,"Benjamin Song, a radical anti-ICE militant and former Marine reservist, will spend the rest of his life behind bars after receiving a 100-year sentence for shooting an Alvarado police officer in the neck. The Trump DOJ successfully shut down attempts by squad Democrats to spin this vicious, 4th of July armed ambush into a peaceful demonstration."
S11-R-3,Right,Trump DOJ Delivers on Promise to Eliminate Left-Wing Domestic Terrorism Cells,"Following the sentencing of eight dangerous extremists to maximum terms in federal prison, the Trump administration boasted of its ongoing success in wiping out violent antifa networks. The Department of Justice reiterated that any left-wing radicals who use explosives and firearms to attack border security infrastructure will face swift, uncompromising justice."
S11-R-4,Right,Maximum Prison Sentences Approved for Leftist Radicals in Landmark Texas Terror Case,"The federal judiciary has successfully pushed back against left-wing lawfare by hitting eight antifa operatives with crushing sentences of up to 100 years. The landmark ruling guarantees that anarchists who execute armed riots against immigration centers and ambush law enforcement will be locked away for good, restoring safety and security to American communities."
S12-L-1,Left,Federal Judge Orders ICE to Free Muslim Leader Targeted for Pro-Palestinian Advocacy,"In a massive victory for free speech and immigrant rights, a federal judge has ordered the immediate release of Salah Sarsour. The Milwaukee mosque president spent over 80 days in ICE detention in what advocates correctly identified as a vindictive, retaliatory crackdown by the Trump administration against outspoken Palestinian rights activists."
S12-L-2,Left,Trump's Cruel Attempt to Silence Palestinian Activist Thwarted by Federal Court,"After enduring nearly three months of unjust detention, Islamic Society of Milwaukee President Salah Sarsour has finally been freed. A federal judge found substantial evidence that ICE weaponized its deportation forces to silence Sarsour's First Amendment-protected advocacy, exposing the administration's deeply entrenched Islamophobia."
S12-L-3,Left,ICE Forced to Release Wisconsin Mosque Leader Following Blatant Free Speech Violation,"Dealing a blow to the administration's authoritarian suppression of dissent, a federal judge ordered ICE to release community leader Salah Sarsour. The ruling validates civil rights groups' warnings that the federal government is illegally using immigration enforcement as a tool to terrorize and silence prominent Muslim Americans."
S12-L-4,Left,Palestinian-American Activist Freed After Months of Retaliatory ICE Detention,"Salah Sarsour, a pillar of the Milwaukee community, has been reunited with his family after a judge ruled ICE likely detained him in retaliation for his political speech. This landmark ruling highlights the administration's alarming willingness to trample on the Constitution to punish advocates for Palestinian human rights."
S12-LL-1,Lean Left,Federal Judge Orders Release of Wisconsin Mosque Leader Detained by ICE,"A federal judge has mandated the immediate release of Salah Sarsour, a Milwaukee Islamic leader detained since March. The court determined that Sarsour raised a substantial claim that his detention by ICE was unlawful retaliation for his First Amendment-protected speech advocating for Palestinian rights."
S12-LL-2,Lean Left,Milwaukee Muslim Leader Freed After Judge Cites First Amendment Concerns,"Following an 80-day stint in an ICE detention facility, the president of the Islamic Society of Milwaukee has been released. The ruling represents a significant pushback against the administration's aggressive immigration tactics, prioritizing the constitutional free speech rights of long-term legal permanent residents."
S12-LL-3,Lean Left,ICE Ordered to Free Palestinian-American Activist Amid Retaliation Claims,"Raising serious questions about ICE's enforcement motives, a federal judge ordered the agency to release Salah Sarsour. Sarsour's legal team successfully argued that his sudden arrest was a targeted attack meant to suppress his vocal support for the Palestinian community."
S12-LL-4,Lean Left,Community Celebrates as Wisconsin Mosque President is Released from ICE Custody,"Advocates and family members are celebrating the court-ordered release of Salah Sarsour after months of uncertainty. The judge's decision underscores the vital importance of protecting immigrants from being unfairly targeted by federal agencies for exercising their constitutional right to free expression."
S12-C-1,Center,Judge Orders Release of Milwaukee Mosque President from ICE Detention,"A federal judge has ordered U.S. Immigration and Customs Enforcement to release Salah Sarsour, the president of Wisconsin's largest mosque. The judge cited a substantial First Amendment claim, noting arguments that Sarsour was targeted due to his public advocacy for Palestinian rights."
S12-C-2,Center,Federal Court Frees Wisconsin Islamic Leader Detained Since March,"Salah Sarsour, a legal permanent resident of the U.S. for over 30 years, has been released from an ICE facility in Indiana. The Trump-appointed federal judge ordered the release after determining Sarsour's attorneys presented a strong case regarding free speech retaliation."
S12-C-3,Center,ICE Ordered to Release Prominent Muslim Leader Over First Amendment Claims,"Following more than 80 days in federal custody, the president of the Islamic Society of Milwaukee has been released by court order. The legal dispute centered on whether federal immigration authorities detained the Palestinian-born activist as retaliation for his political speech."
S12-C-4,Center,Mosque Leader Released as Federal Judge Reviews ICE Arrest Motives,"Salah Sarsour has returned home to Milwaukee following a federal judge's mandate for his immediate release from ICE custody. The court's decision allows Sarsour to remain free while his immigration case proceeds, citing concerns over potential violations of his constitutional rights."
S12-LR-1,Lean Right,Trump-Appointed Judge Orders Release of Wisconsin Mosque Leader from ICE,"U.S. District Judge James Patrick Hanlon ordered the release of Salah Sarsour, an Islamic Society president facing ICE deportation proceedings. Despite underlying allegations regarding immigration fraud and past convictions in an Israeli military court, the judge ruled that Sarsour presented a valid First Amendment argument regarding his detention."
S12-LR-2,Lean Right,Federal Judge Mandates Release for Mosque President Pending Immigration Case,"A federal judge has ordered ICE to temporarily free Salah Sarsour while his deportation case continues. The court prioritized Sarsour's claims of First Amendment retaliation over the agency's enforcement actions, allowing the Palestinian-born activist to return to Milwaukee."
S12-LR-3,Lean Right,ICE Forced to Release Mosque Leader Despite Agency's Fraud Allegations,"Immigration and Customs Enforcement was ordered to release a Milwaukee mosque president who has resided in the U.S. for decades. While ICE sought to detain Sarsour based on alleged immigration violations and past overseas convictions, a federal judge ruled that his free speech claims warranted immediate release."
S12-LR-4,Lean Right,Court Cites Free Speech in Releasing Wisconsin Activist from ICE Custody,"Balancing national security protocols with constitutional rights, a Trump-appointed federal judge ordered the release of Salah Sarsour from an Indiana ICE facility. The decision highlights the complex legal hurdles immigration officials face when executing arrests against individuals claiming political retaliation."
S12-R-1,Right,Judge Orders ICE to Release Mosque Leader With Alleged Hamas Ties,"In a frustrating setback for national security and immigration enforcement, a federal judge ordered the release of Salah Sarsour. Despite Sarsour's past terror convictions in an Israeli military court and ICE's allegations of immigration fraud, the court allowed him to use a First Amendment loophole to evade continued detention."
S12-R-2,Right,Federal Judge Blocks ICE from Detaining Radical Palestinian Activist,"Immigration officials were forced to free the president of Wisconsin's largest mosque after an activist legal defense successfully claimed his arrest violated his free speech. The dangerous ruling prioritizes the political advocacy of a foreign national over ICE's duty to deport individuals with alarming overseas criminal records."
S12-R-3,Right,ICE Thwarted as Court Frees Milwaukee Islamic Leader Facing Fraud Allegations,"Undermining the administration's efforts to secure the homeland, a federal judge ordered ICE to immediately release Salah Sarsour. Critics are slamming the decision, pointing out that constitutional free speech claims are increasingly being weaponized to shield individuals with radical ties from lawful deportation proceedings."
S12-R-4,Right,Mosque President With Past Terror Conviction Freed From ICE Detention,"A controversial court order has allowed Salah Sarsour to walk free after 80 days in ICE custody. By siding with the defense's claims of political retaliation, the court has severely complicated the ability of federal agents to enforce immigration laws against individuals accused of lying about their extremist pasts to enter the U.S."